RegionID,SizeRank,RegionName,RegionType,StateName,2018-01-31,2018-02-28,2018-03-31,2018-04-30,2018-05-31,2018-06-30,2018-07-31,2018-08-31,2018-09-30,2018-10-31,2018-11-30,2018-12-31,2019-01-31,2019-02-28,2019-03-31,2019-04-30,2019-05-31,2019-06-30,2019-07-31,2019-08-31,2019-09-30,2019-10-31,2019-11-30,2019-12-31,2020-01-31,2020-02-29,2020-03-31,2020-04-30,2020-05-31,2020-06-30,2020-07-31,2020-08-31,2020-09-30,2020-10-31,2020-11-30,2020-12-31,2021-01-31,2021-02-28,2021-03-31,2021-04-30,2021-05-31,2021-06-30
102001,0,United States,Country,"",271600.0,272967.0,279333.0,288667.0,295633.0,299267.0,299898.0,299598.0,299132.0,298467.0,297100.0,294233.0,291567.0,292933.0,297967.0,306333.0,314167.0,320580.0,322213.0,319713.0,315300.0,311967.0,306967.0,303267.0,299800.0,301467.0,306500.0,312927.0,320260.0,327760.0,334833.0,339833.0,342000.0,343300.0,342300.0,337831.0,333164.0,333497.0,340967.0,354394.0,367727.0,378394.0
394913,1,"New York, NY",Msa,NY,517960.0,523000.0,534333.0,544667.0,554667.0,560000.0,560000.0,554833.0,549833.0,551100.0,551267.0,550933.0,549333.0,549333.0,554667.0,563333.0,573300.0,578267.0,578267.0,574633.0,573000.0,574333.0,577567.0,578900.0,577567.0,579000.0,585667.0,593667.0,599000.0,601000.0,611000.0,627333.0,642000.0,649000.0,649667.0,653000.0,659000.0,665667.0,671000.0,673000.0,671333.0,662997.0
753899,2,"Los Angeles-Long Beach-Anaheim, CA",Msa,CA,798333.0,802333.0,816000.0,833000.0,846633.0,849633.0,841300.0,824167.0,801167.0,784500.0,771633.0,761600.0,752933.0,749633.0,759667.0,776627.0,801927.0,821927.0,837967.0,845667.0,845667.0,846000.0,846000.0,849000.0,849333.0,865667.0,882667.0,886000.0,881663.0,891330.0,923997.0,954000.0,964330.0,969997.0,976663.0,989666.0,997626.0,999260.0,1007927.0,1008300.0,1008333.0,999666.0
394463,3,"Chicago, IL",Msa,IL,301000.0,305967.0,319300.0,335967.0,345967.0,347967.0,343321.0,336521.0,329854.0,324800.0,318300.0,309933.0,303267.0,306600.0,319633.0,336000.0,345667.0,347667.0,344333.0,337967.0,331300.0,324933.0,319630.0,311297.0,306330.0,309967.0,319967.0,327967.0,331333.0,336333.0,343300.0,348300.0,349967.0,349667.0,346000.0,340300.0,332300.0,332633.0,338300.0,346633.0,353267.0,354967.0
394514,4,"Dallas-Fort Worth, TX",Msa,TX,341748.0,345081.0,351663.0,359812.0,366146.0,365982.0,359467.0,351100.0,344567.0,341233.0,339600.0,337967.0,335500.0,335800.0,340767.0,348267.0,354933.0,356300.0,354567.0,349533.0,344867.0,341600.0,339997.0,338330.0,335297.0,334533.0,336200.0,339200.0,343133.0,348133.0,354800.0,358267.0,359933.0,359633.0,357996.0,355043.0,353040.0,354707.0,360660.0,369647.0,379650.0,387050.0
394974,5,"Philadelphia, PA",Msa,PA,252633.0,249633.0,253667.0,260633.0,269967.0,275967.0,279300.0,278267.0,276233.0,274433.0,271797.0,266330.0,258163.0,254133.0,257967.0,267633.0,279167.0,287800.0,293133.0,293600.0,293633.0,293933.0,293633.0,290300.0,286500.0,286467.0,289800.0,294633.0,301333.0,311333.0,323333.0,333000.0,336300.0,337933.0,334933.0,331600.0,324800.0,321433.0,321467.0,326600.0,331633.0,336300.0
394692,6,"Houston, TX",Msa,TX,323782.0,326159.0,329640.0,334507.0,338163.0,339665.0,336465.0,331465.0,324967.0,321500.0,318167.0,316500.0,315000.0,316333.0,319667.0,324667.0,328672.0,330006.0,328306.0,324592.0,320258.0,317458.0,315133.0,312950.0,310447.0,309814.0,312660.0,315163.0,319830.0,324255.0,330422.0,335388.0,339967.0,341300.0,340997.0,337497.0,335493.0,334697.0,339530.0,347197.0,357660.0,366293.0
395209,7,"Washington, DC",Msa,DC,431171.0,430841.0,441280.0,452633.0,464633.0,474667.0,479667.0,476333.0,466663.0,461630.0,456597.0,449900.0,443233.0,443267.0,454967.0,471667.0,488000.0,496000.0,495667.0,489300.0,484633.0,483300.0,485000.0,483300.0,481633.0,486600.0,501600.0,513233.0,522933.0,531300.0,543000.0,549967.0,546633.0,539933.0,529967.0,522967.0,516000.0,512667.0,510967.0,516617.0,521617.0,526650.0
394856,8,"Miami-Fort Lauderdale, FL",Msa,FL,398604.0,398604.0,399950.0,401295.0,402944.0,403280.0,403582.0,403280.0,402944.0,402641.0,401598.0,400253.0,398907.0,398604.0,399950.0,401295.0,402977.0,403313.0,405332.0,405481.0,405481.0,403799.0,403650.0,403650.0,403650.0,403650.0,405332.0,404995.0,404659.0,402641.0,402977.0,404978.0,406997.0,408780.0,407565.0,404667.0,401666.0,399966.0,402346.0,410680.0,425713.0,441667.0
394347,9,"Atlanta, GA",Msa,GA,309934.0,314815.0,323482.0,335327.0,344667.0,349633.0,344800.0,337800.0,329500.0,324667.0,320333.0,316933.0,313567.0,313233.0,316867.0,326567.0,337900.0,344333.0,344417.0,339717.0,334684.0,330267.0,326967.0,325000.0,323667.0,323667.0,325667.0,327247.0,330580.0,336723.0,344477.0,351143.0,354667.0,356333.0,354667.0,351633.0,349967.0,353267.0,361633.0,378267.0,392853.0,405242.0
394404,10,"Boston, MA",Msa,MA,541267.0,543267.0,563300.0,583000.0,597667.0,595967.0,579600.0,556567.0,539600.0,535967.0,535967.0,531300.0,528267.0,533300.0,549967.0,571633.0,589633.0,596300.0,594633.0,586633.0,579967.0,576333.0,576333.0,576300.0,574967.0,582967.0,597667.0,605967.0,614600.0,623267.0,639933.0,648267.0,649900.0,656567.0,662300.0,664000.0,663700.0,671300.0,682933.0,691600.0,694933.0,697633.0
395057,11,"San Francisco, CA",Msa,CA,807667.0,824333.0,857667.0,899667.0,924667.0,937963.0,921296.0,880629.0,850667.0,842329.0,837996.0,819996.0,799333.0,802667.0,830963.0,867963.0,901296.0,907983.0,904943.0,886277.0,885960.0,889000.0,895667.0,879000.0,862633.0,874633.0,899967.0,916333.0,924667.0,948833.0,982167.0,998167.0,998667.0,998667.0,998840.0,995440.0,990773.0,987600.0,987333.0,991667.0,993667.0,996000.0
394532,12,"Detroit, MI",Msa,MI,220100.0,218267.0,224933.0,238800.0,253800.0,263500.0,264633.0,259600.0,251600.0,244633.0,237967.0,231267.0,226600.0,226600.0,233300.0,246600.0,259933.0,269900.0,271267.0,267633.0,258667.0,248967.0,239300.0,231633.0,225667.0,223967.0,227600.0,233567.0,244934.0,260967.0,277634.0,286300.0,283300.0,278167.0,271500.0,264833.0,259967.0,261600.0,271567.0,284600.0,294559.0,299259.0
395025,13,"Riverside, CA",Msa,CA,391167.0,394117.0,397450.0,402950.0,406663.0,410163.0,410130.0,406800.0,403300.0,399966.0,399633.0,398633.0,398333.0,398633.0,402967.0,408300.0,415000.0,419967.0,423300.0,423300.0,420000.0,416667.0,415000.0,414817.0,414817.0,418150.0,423000.0,426333.0,428000.0,434667.0,446333.0,461333.0,471667.0,480000.0,485000.0,490000.0,491666.0,493333.0,494996.0,506663.0,520086.0,533423.0
394976,14,"Phoenix, AZ",Msa,AZ,332633.0,338632.0,346915.0,352215.0,354883.0,353267.0,349967.0,344965.0,341631.0,339631.0,339300.0,339300.0,341267.0,344067.0,347433.0,352100.0,356267.0,359600.0,359963.0,360997.0,362663.0,364333.0,366663.0,369963.0,375963.0,382600.0,388967.0,384600.0,379633.0,378300.0,388300.0,396633.0,399967.0,399967.0,399633.0,399600.0,402300.0,405883.0,414250.0,424217.0,437633.0,449267.0
395078,15,"Seattle, WA",Msa,WA,508140.0,524973.0,554657.0,579333.0,595983.0,598310.0,590627.0,578960.0,566633.0,562983.0,558000.0,557167.0,560500.0,577150.0,601633.0,626633.0,641633.0,643316.0,634983.0,624650.0,616467.0,614783.0,616633.0,621483.0,631483.0,648283.0,664617.0,664300.0,661000.0,661000.0,669667.0,672967.0,664967.0,653300.0,639983.0,634983.0,638317.0,653333.0,670000.0,686665.0,699998.0,708328.0
394865,16,"Minneapolis-St Paul, MN",Msa,MN,356314.0,373681.0,389282.0,394885.0,393145.0,384887.0,376186.0,368913.0,361604.0,357776.0,352868.0,352834.0,358367.0,370548.0,386210.0,394911.0,396685.0,389760.0,384052.0,375351.0,370096.0,363623.0,363240.0,363275.0,370270.0,381059.0,391465.0,394945.0,394632.0,394632.0,396337.0,394911.0,387985.0,380711.0,373750.0,373750.0,374471.0,380921.0,388630.0,392967.0,392967.0,389633.0
395056,17,"San Diego, CA",Msa,CA,704633.0,721300.0,735967.0,749333.0,749333.0,749333.0,742333.0,725967.0,706267.0,689933.0,681633.0,676667.0,675900.0,680900.0,692566.0,713000.0,732667.0,745667.0,746000.0,746000.0,746000.0,745600.0,742267.0,742267.0,744333.0,754333.0,768000.0,769633.0,768300.0,778300.0,811633.0,833300.0,831633.0,818333.0,808000.0,808000.0,813000.0,833000.0,844667.0,859000.0,855967.0,855633.0
395121,18,"St. Louis, MO",Msa,MO,190767.0,191267.0,196267.0,204633.0,212967.0,218267.0,219600.0,219300.0,219000.0,217667.0,214667.0,209967.0,206300.0,207933.0,216267.0,227933.0,237967.0,243000.0,244000.0,242300.0,240600.0,238233.0,234900.0,230233.0,229074.0,232407.0,238607.0,243800.0,250167.0,256000.0,260333.0,259997.0,258630.0,257130.0,254433.0,251133.0,249567.0,255900.0,264900.0,276267.0,278300.0,276600.0
395148,19,"Tampa, FL",Msa,FL,260895.0,260895.0,262538.0,265828.0,270694.0,273917.0,273885.0,271145.0,267923.0,264733.0,262606.0,260350.0,259705.0,259705.0,262928.0,268406.0,276173.0,281326.0,282905.0,281612.0,280294.0,279972.0,278364.0,276463.0,273833.0,273801.0,274764.0,274526.0,276137.0,280007.0,286453.0,292898.0,297087.0,301921.0,301953.0,300986.0,299443.0,299510.0,303847.0,313847.0,330380.0,346133.0
394358,20,"Baltimore, MD",Msa,MD,303233.0,299900.0,304933.0,313300.0,326633.0,337967.0,345967.0,345967.0,341600.0,335266.0,328633.0,320000.0,313333.0,311667.0,316667.0,327663.0,339330.0,347663.0,350358.0,350325.0,346958.0,341600.0,334633.0,327967.0,322933.0,323233.0,329933.0,339443.0,347810.0,356143.0,363300.0,364967.0,361633.0,355000.0,348300.0,340292.0,332459.0,332459.0,338800.0,346633.0,355000.0,358333.0
394530,21,"Denver, CO",Msa,CO,"","","","","","","","",494667.0,487667.0,481000.0,477833.0,481500.0,492833.0,508000.0,519667.0,523667.0,522000.0,517000.0,509967.0,502967.0,497967.0,497967.0,500527.0,511193.0,527860.0,542300.0,545250.0,541950.0,541950.0,548333.0,551667.0,545333.0,533667.0,523667.0,525000.0,531708.0,545008.0,558341.0,576633.0,593333.0,608333.0
394982,22,"Pittsburgh, PA",Msa,PA,171600.0,169933.0,173233.0,177267.0,182950.0,184650.0,183950.0,181600.0,179900.0,178267.0,175933.0,172630.0,170930.0,170930.0,175600.0,182267.0,189933.0,195233.0,198567.0,199600.0,198933.0,195600.0,190933.0,184966.0,183300.0,185800.0,192433.0,197433.0,204900.0,214900.0,227567.0,234233.0,234267.0,233267.0,231600.0,229933.0,227967.0,228000.0,232333.0,239300.0,245933.0,246267.0
394998,23,"Portland, OR",Msa,OR,463391.0,469850.0,476309.0,482736.0,484351.0,484350.0,481121.0,474630.0,466556.0,460097.0,456868.0,455253.0,456872.0,460101.0,466560.0,471433.0,474691.0,474719.0,472782.0,469524.0,464683.0,460162.0,456952.0,456952.0,460181.0,468260.0,474655.0,474009.0,472369.0,474016.0,482090.0,485351.0,488581.0,494039.0,503695.0,513383.0,520485.0,524357.0,533300.0,549967.0,571633.0,586667.0
394458,24,"Charlotte, NC",Msa,NC,337967.0,338000.0,343000.0,349667.0,356300.0,358835.0,355818.0,349848.0,342980.0,336330.0,331000.0,326967.0,325300.0,328300.0,335000.0,343333.0,351633.0,356300.0,356300.0,352333.0,346967.0,344300.0,341633.0,342166.0,343000.0,346333.0,351167.0,352967.0,357633.0,362967.0,374167.0,379701.0,382199.0,379336.0,377468.0,374970.0,375000.0,377633.0,384300.0,395967.0,408330.0,414997.0
395045,25,"Sacramento, CA",Msa,CA,462650.0,468330.0,476663.0,484830.0,490833.0,491092.0,486592.0,479926.0,472833.0,466167.0,459467.0,456300.0,458300.0,466333.0,481000.0,492663.0,504630.0,513280.0,521583.0,522950.0,517933.0,509633.0,503296.0,504996.0,511330.0,521000.0,527633.0,527967.0,527633.0,529000.0,538726.0,547726.0,559693.0,568300.0,579633.0,586650.0,594950.0,598283.0,594633.0,603000.0,611667.0,625000.0
395055,26,"San Antonio, TX",Msa,TX,279967.0,280000.0,283000.0,288667.0,295133.0,298466.0,297799.0,293300.0,288267.0,283267.0,281373.0,280707.0,280706.0,280600.0,281633.0,284967.0,289997.0,293078.0,293045.0,289715.0,286600.0,283297.0,281297.0,278997.0,278500.0,278833.0,282500.0,286167.0,290300.0,293933.0,297433.0,299933.0,299467.0,297767.0,294133.0,290133.0,287553.0,288220.0,292387.0,298333.0,303286.0,311920.0
394943,27,"Orlando, FL",Msa,FL,299900.0,302933.0,309467.0,317833.0,323167.0,325000.0,324975.0,323275.0,319942.0,314933.0,308300.0,303267.0,299933.0,299933.0,303300.0,310000.0,318333.0,323333.0,325000.0,325000.0,325300.0,325300.0,325300.0,324997.0,324930.0,326563.0,328233.0,325267.0,321963.0,320297.0,324997.0,328333.0,330663.0,332143.0,332143.0,331446.0,328300.0,327297.0,328997.0,335663.0,344333.0,356267.0
394466,28,"Cincinnati, OH",Msa,OH,218300.0,219967.0,231600.0,248267.0,261600.0,267117.0,265450.0,258783.0,251633.0,244967.0,241333.0,236300.0,232967.0,236633.0,249967.0,266500.0,279800.0,286167.0,287967.0,284333.0,278667.0,272000.0,265633.0,261300.0,261267.0,269600.0,283233.0,294933.0,308300.0,321500.0,333167.0,334367.0,327533.0,319833.0,310300.0,306600.0,305967.0,314300.0,324967.0,339406.0,353236.0,356603.0
394475,29,"Cleveland, OH",Msa,OH,161400.0,161567.0,164900.0,171267.0,176267.0,181300.0,183300.0,183330.0,181630.0,179897.0,178233.0,176567.0,174933.0,176567.0,179900.0,185371.0,191737.0,196737.0,199300.0,196267.0,192933.0,188267.0,184933.0,181600.0,179900.0,180267.0,185300.0,191667.0,201300.0,209600.0,218267.0,221133.0,214467.0,206100.0,196567.0,192567.0,190833.0,197532.0,211232.0,226299.0,235800.0,234467.0
394735,30,"Kansas City, MO",Msa,MO,254183.0,259910.0,269077.0,274093.0,276342.0,275509.0,274342.0,272133.0,272800.0,280633.0,287317.0,293317.0,296617.0,306633.0,319933.0,331283.0,337917.0,336267.0,329950.0,319950.0,312967.0,308267.0,304967.0,301967.0,306343.0,316343.0,332627.0,342617.0,352617.0,359633.0,364933.0,361600.0,353300.0,344767.0,341100.0,339100.0,340285.0,350585.0,365902.0,381583.0,387950.0,383967.0
394775,31,"Las Vegas, NV",Msa,NV,290629.0,292300.0,295300.0,306300.0,324333.0,341333.0,349333.0,347967.0,341300.0,333300.0,324966.0,321600.0,318250.0,314950.0,312483.0,313166.0,316590.0,320757.0,323423.0,324500.0,322817.0,321148.0,319982.0,319998.0,321629.0,325963.0,334296.0,335667.0,333167.0,329800.0,334767.0,341267.0,344633.0,346333.0,347300.0,347300.0,345967.0,345000.0,353333.0,371000.0,395967.0,415967.0
394492,32,"Columbus, OH",Msa,OH,254233.0,268433.0,285100.0,302433.0,311600.0,316933.0,315267.0,306933.0,294933.0,283267.0,274767.0,268133.0,264800.0,269967.0,286633.0,306633.0,319967.0,325933.0,325967.0,320633.0,309666.0,295666.0,285966.0,280300.0,282600.0,292267.0,306233.0,316233.0,326567.0,336567.0,344933.0,341600.0,329967.0,321963.0,319327.0,321960.0,321960.0,326297.0,334327.0,343993.0,348657.0,346293.0
394705,33,"Indianapolis, IN",Msa,IN,210417.0,215217.0,227183.0,251600.0,272554.0,284238.0,279904.0,270317.0,260300.0,249600.0,239933.0,233150.0,229850.0,234850.0,248300.0,266633.0,281600.0,286633.0,284933.0,279933.0,275567.0,270597.0,265297.0,258745.0,257082.0,262082.0,273300.0,283267.0,291930.0,302263.0,311197.0,316200.0,310233.0,299667.0,287162.0,279128.0,276428.0,279107.0,285807.0,294503.0,299963.0,301630.0
395059,34,"San Jose, CA",Msa,CA,1065333.0,1101000.0,1151000.0,1208333.0,1243333.0,1259898.0,1242898.0,1199498.0,1149600.0,1115933.0,1082333.0,1048333.0,1015296.0,1031963.0,1065963.0,1112667.0,1139000.0,1155667.0,1142667.0,1116333.0,1099333.0,1099000.0,1095629.0,1071256.0,1070923.0,1104627.0,1162650.0,1188317.0,1191150.0,1207833.0,1237284.0,1254450.0,1254117.0,1243000.0,1243000.0,1226333.0,1216296.0,1216296.0,1233629.0,1250333.0,1266667.0,1282667.0
394355,35,"Austin, TX",Msa,TX,371197.0,373115.0,377599.0,382400.0,383844.0,383845.0,380648.0,374803.0,368558.0,363754.0,360119.0,355475.0,352610.0,354243.0,361309.0,370589.0,376975.0,374714.0,366351.0,357082.0,350675.0,347178.0,345096.0,341895.0,342212.0,346199.0,356905.0,364621.0,373284.0,383396.0,395221.0,405253.0,412587.0,418878.0,423929.0,424857.0,425716.0,432843.0,447667.0,471000.0,487667.0,502210.0
395194,36,"Virginia Beach, VA",Msa,VA,259750.0,259663.0,262221.0,266721.0,271869.0,275463.0,277762.0,277794.0,277471.0,275172.0,273391.0,271578.0,272387.0,275463.0,280514.0,286180.0,289709.0,291295.0,291295.0,291295.0,291004.0,290713.0,290713.0,291004.0,291295.0,291328.0,294565.0,299422.0,305896.0,311753.0,316609.0,319816.0,318848.0,317870.0,314058.0,308800.0,302890.0,299857.0,301523.0,306567.0,309930.0,309963.0
394902,37,"Nashville, TN",Msa,TN,382318.0,383714.0,385415.0,387559.0,387559.0,385857.0,382284.0,375785.0,370910.0,367643.0,365942.0,364045.0,362377.0,362377.0,364045.0,367447.0,372245.0,375648.0,375115.0,372018.0,368615.0,367107.0,365100.0,362377.0,359315.0,359621.0,362343.0,365712.0,370510.0,375649.0,382455.0,386164.0,389567.0,391268.0,391268.0,389533.0,387884.0,394604.0,403627.0,415963.0,428300.0,441733.0
395005,38,"Providence, RI",Msa,RI,346011.0,347794.0,353073.0,360065.0,365309.0,367022.0,367057.0,367057.0,367057.0,365274.0,361429.0,356219.0,354471.0,357968.0,366358.0,376497.0,383804.0,387615.0,387964.0,387964.0,387650.0,385936.0,382440.0,375763.0,370519.0,373700.0,384188.0,394642.0,401949.0,408941.0,419429.0,424708.0,421247.0,410759.0,400271.0,396425.0,396607.0,407170.0,411000.0,414667.0,414267.0,424600.0
394862,39,"Milwaukee, WI",Msa,WI,216567.0,219266.0,227600.0,239266.0,249900.0,256600.0,258967.0,255633.0,250600.0,244900.0,238266.0,233266.0,231600.0,234767.0,238100.0,238133.0,238267.0,238300.0,239933.0,239933.0,236567.0,232267.0,227267.0,222300.0,219933.0,221600.0,231567.0,241567.0,251600.0,258300.0,263333.0,260000.0,254667.0,246300.0,242133.0,235800.0,232467.0,231600.0,236567.0,243267.0,256600.0,267967.0
394714,40,"Jacksonville, FL",Msa,FL,300963.0,304930.0,309963.0,314633.0,316333.0,316300.0,312967.0,307963.0,302663.0,297997.0,296167.0,296163.0,296330.0,297830.0,299921.0,304755.0,311755.0,313967.0,310633.0,303933.0,299630.0,299463.0,299160.0,298160.0,298310.0,301613.0,306283.0,307133.0,309133.0,311830.0,317496.0,318863.0,317833.0,314667.0,308997.0,306993.0,306993.0,311630.0,317267.0,327233.0,338600.0,346633.0
394849,41,"Memphis, TN",Msa,TN,187576.0,182804.0,181246.0,184140.0,187321.0,194924.0,200013.0,205611.0,207234.0,208792.0,208951.0,206088.0,202936.0,200710.0,203541.0,208315.0,215949.0,221070.0,224251.0,224219.0,223901.0,223870.0,223901.0,224219.0,222661.0,222629.0,225778.0,230549.0,236211.0,241651.0,248012.0,251893.0,248076.0,244895.0,243305.0,243273.0,242127.0,238790.0,239300.0,242333.0,249333.0,252667.0
394935,42,"Oklahoma City, OK",Msa,OK,236174.0,238234.0,243041.0,248226.0,252725.0,253720.0,253720.0,250972.0,248944.0,247219.0,247220.0,247188.0,249561.0,254369.0,262953.0,271542.0,278203.0,279611.0,277585.0,272949.0,269824.0,267764.0,267799.0,267799.0,269516.0,273636.0,279130.0,282681.0,287145.0,294046.0,299729.0,301275.0,297559.0,295176.0,293253.0,291440.0,290229.0,292744.0,300297.0,311997.0,318330.0,316629.0
394807,43,"Louisville-Jefferson County, KY",Msa,KY,232000.0,240300.0,253933.0,266567.0,274600.0,276600.0,274800.0,271467.0,267833.0,265700.0,261700.0,256700.0,253967.0,257267.0,266767.0,278400.0,287433.0,291233.0,289633.0,284633.0,277967.0,269600.0,259933.0,252267.0,248800.0,253433.0,264754.0,278220.0,290220.0,296567.0,299600.0,297227.0,288893.0,278893.0,266267.0,259467.0,256133.0,261133.0,269600.0,278233.0,284933.0,287967.0
394669,44,"Hartford, CT",Msa,CT,274776.0,279256.0,287772.0,293723.0,297451.0,297485.0,297485.0,297177.0,295433.0,293723.0,290611.0,288901.0,287191.0,288935.0,292389.0,299230.0,304326.0,310653.0,310653.0,310345.0,306720.0,304873.0,301761.0,298717.0,296459.0,296493.0,302325.0,309849.0,320108.0,328265.0,338526.0,345334.0,345334.0,341913.0,336817.0,333431.0,330600.0,332745.0,339933.0,348233.0,351567.0,346600.0
395022,45,"Richmond, VA",Msa,VA,298073.0,298963.0,306563.0,318259.0,325982.0,329387.0,329696.0,327475.0,322695.0,315851.0,311195.0,309441.0,309407.0,311144.0,319775.0,331828.0,343830.0,348644.0,349349.0,344878.0,338431.0,330865.0,326739.0,326618.0,329369.0,334528.0,341422.0,350363.0,360123.0,370284.0,377480.0,381493.0,380272.0,379712.0,379955.0,383095.0,386428.0,390628.0,394312.0,394328.0,391000.0,382333.0
394910,46,"New Orleans, LA",Msa,LA,245967.0,242877.0,243543.0,249877.0,257133.0,262167.0,263500.0,262633.0,260300.0,257600.0,254300.0,251633.0,250000.0,252192.0,257158.0,263792.0,269900.0,272600.0,272600.0,270633.0,269300.0,268667.0,268000.0,266533.0,263867.0,262867.0,264633.0,269633.0,276300.0,282667.0,288633.0,293933.0,297267.0,299467.0,299167.0,299467.0,298133.0,298133.0,299833.0,308000.0,318000.0,326300.0
394425,47,"Buffalo, NY",Msa,NY,173029.0,174710.0,181398.0,189835.0,196589.0,199950.0,201597.0,200910.0,199263.0,195902.0,191549.0,186474.0,183146.0,184155.0,187549.0,194238.0,200254.0,205934.0,209329.0,207313.0,204657.0,200893.0,197229.0,194171.0,190877.0,191179.0,194540.0,199918.0,210001.0,220085.0,228151.0,228151.0,224790.0,222296.0,219347.0,216398.0,213257.0,221962.0,234300.0,249600.0,256567.0,256567.0
395012,48,"Raleigh, NC",Msa,NC,357933.0,359633.0,366633.0,376633.0,383267.0,383267.0,381267.0,377883.0,374250.0,367583.0,361967.0,357300.0,355300.0,356000.0,362667.0,373333.0,383300.0,386633.0,383600.0,378600.0,375233.0,373233.0,369100.0,364100.0,360767.0,363233.0,369600.0,373633.0,379333.0,384667.0,393967.0,398967.0,402300.0,400667.0,396633.0,391933.0,391233.0,394573.0,400239.0,405939.0,409630.0,411131.0
394388,49,"Birmingham, AL",Msa,AL,207133.0,207833.0,215467.0,226967.0,236267.0,239600.0,239900.0,239900.0,238267.0,234633.0,231000.0,229300.0,229600.0,233233.0,239900.0,249900.0,258600.0,265267.0,270307.0,271640.0,272482.0,272243.0,272210.0,269735.0,266600.0,265967.0,267600.0,269267.0,273233.0,278167.0,282033.0,281900.0,277000.0,274800.0,273300.0,276300.0,277667.0,279767.0,280865.0,286032.0,290598.0,293133.0
395053,50,"Salt Lake City, UT",Msa,UT,419126.0,424387.0,431738.0,437746.0,445004.0,449061.0,450564.0,448318.0,443310.0,435800.0,430571.0,428103.0,428425.0,432313.0,439788.0,452306.0,463045.0,470055.0,468267.0,462938.0,457716.0,455928.0,456440.0,460052.0,467062.0,479032.0,487938.0,486292.0,482716.0,485255.0,496017.0,501417.0,500666.0,497726.0,502733.0,514929.0,"","","","","",""
395031,51,"Rochester, NY",Msa,NY,185163.0,192357.0,202644.0,214837.0,223829.0,227929.0,224332.0,217139.0,209945.0,204946.0,199586.0,199443.0,204802.0,217355.0,230123.0,243104.0,250154.0,252851.0,250661.0,245410.0,236921.0,226131.0,218254.0,211456.0,211492.0,221167.0,237457.0,255405.0,264397.0,269652.0,270371.0,270012.0,262674.0,254761.0,247927.0,255080.0,263039.0,276982.0,283400.0,286050.0,279383.0,268267.0
394640,52,"Grand Rapids, MI",Msa,MI,261917.0,270417.0,282117.0,291833.0,298300.0,299967.0,298300.0,293500.0,288467.0,285433.0,286900.0,288567.0,289900.0,292933.0,299300.0,307967.0,313267.0,313567.0,310233.0,305233.0,301433.0,296100.0,292767.0,289900.0,292933.0,297933.0,306267.0,313233.0,318233.0,319900.0,321267.0,321267.0,321267.0,317233.0,317233.0,318233.0,323460.0,330126.0,337460.0,344600.0,350967.0,357633.0
395167,53,"Tucson, AZ",Msa,AZ,260933.0,264300.0,269333.0,274997.0,279997.0,281330.0,281300.0,280467.0,282467.0,282497.0,281330.0,279497.0,279500.0,282333.0,288167.0,294667.0,298800.0,298133.0,296087.0,292787.0,292454.0,292642.0,293588.0,292222.0,292580.0,294933.0,298300.0,298923.0,300498.0,308831.0,319842.0,329967.0,328292.0,323719.0,320386.0,322361.0,328600.0,336933.0,350267.0,365300.0,376967.0,384667.0
753924,54,"Urban Honolulu, HI",Msa,HI,663000.0,661333.0,654296.0,647963.0,650963.0,658000.0,663000.0,668333.0,671333.0,669333.0,664333.0,659667.0,666333.0,668000.0,671333.0,667667.0,669000.0,669000.0,669000.0,667667.0,661000.0,655000.0,649667.0,649333.0,645333.0,640667.0,632667.0,623333.0,611333.0,606333.0,609333.0,609667.0,601633.0,591967.0,591633.0,599667.0,"","","","","",""
395169,55,"Tulsa, OK",Msa,OK,192441.0,193883.0,197980.0,203141.0,206269.0,206894.0,206425.0,206394.0,206081.0,206050.0,206050.0,206206.0,206237.0,209083.0,215182.0,223001.0,229570.0,232697.0,234105.0,233323.0,234026.0,235715.0,238061.0,239234.0,237670.0,237670.0,240798.0,247053.0,254872.0,264224.0,272356.0,277047.0,277079.0,277865.0,278266.0,277997.0,277663.0,277997.0,292333.0,304333.0,314633.0,304933.0
394619,56,"Fresno, CA",Msa,CA,334769.0,332737.0,332724.0,335445.0,339234.0,342643.0,342678.0,340956.0,337529.0,335772.0,333878.0,330450.0,326007.0,324457.0,327023.0,334945.0,346139.0,356317.0,364584.0,365411.0,364377.0,359435.0,355109.0,352009.0,351747.0,354385.0,359566.0,361669.0,367521.0,374396.0,384730.0,390933.0,392621.0,391687.0,391687.0,390000.0,389715.0,388130.0,390633.0,400800.0,414500.0,424500.0
395238,57,"Worcester, MA",Msa,MA,279623.0,281884.0,288223.0,297746.0,308862.0,315265.0,318163.0,316284.0,314659.0,310168.0,306983.0,303511.0,301919.0,303830.0,312079.0,324820.0,335936.0,343931.0,345209.0,342024.0,336927.0,333452.0,331891.0,330585.0,329916.0,331509.0,341064.0,351894.0,364309.0,372303.0,378705.0,381897.0,381579.0,382507.0,385387.0,391600.0,"","","","","",""
394415,58,"Stamford, CT",Msa,CT,684035.0,719980.0,763756.0,788668.0,794933.0,790306.0,776426.0,759485.0,746672.0,746317.0,743078.0,739839.0,736601.0,740160.0,752652.0,766567.0,773721.0,764467.0,746993.0,722080.0,704997.0,699694.0,705032.0,708234.0,711437.0,722114.0,735996.0,743469.0,752367.0,770162.0,789380.0,796142.0,785821.0,774966.0,760730.0,753612.0,747800.0,778995.0,806533.0,822967.0,815333.0,801983.0
394312,59,"Albuquerque, NM",Msa,NM,239731.0,241366.0,246143.0,252685.0,258934.0,262042.0,260373.0,255793.0,250232.0,248596.0,248596.0,250068.0,250101.0,253340.0,258410.0,264953.0,268912.0,272020.0,273557.0,274375.0,274211.0,274277.0,274113.0,272805.0,274440.0,280983.0,289162.0,294101.0,300971.0,314057.0,328779.0,336957.0,337607.0,337804.0,336322.0,336752.0,337023.0,339043.0,346402.0,353068.0,363000.0,366667.0
394308,60,"Albany, NY",Msa,NY,238216.0,241882.0,246055.0,247507.0,248958.0,251136.0,255382.0,258975.0,258975.0,258176.0,258213.0,258213.0,257305.0,257487.0,260935.0,266015.0,269790.0,271749.0,273828.0,273343.0,269714.0,266148.0,264854.0,264890.0,263076.0,263802.0,267431.0,274689.0,282673.0,294613.0,305500.0,311307.0,"","","",290698.0,"","","","","",""
394938,61,"Omaha, NE",Msa,NE,279157.0,287050.0,295477.0,305662.0,310967.0,311001.0,307600.0,304216.0,301509.0,295147.0,288652.0,286283.0,289244.0,297735.0,311272.0,324132.0,330900.0,327828.0,323856.0,318792.0,312727.0,302992.0,294690.0,291939.0,294511.0,303513.0,312490.0,319258.0,323530.0,328107.0,332472.0,332600.0,328193.0,325045.0,321913.0,321879.0,321736.0,328214.0,336005.0,343330.0,343333.0,334667.0
394908,62,"New Haven, CT",Msa,CT,284315.0,290980.0,301134.0,312998.0,321372.0,326955.0,327269.0,322733.0,317464.0,313661.0,310171.0,304972.0,301099.0,302809.0,309753.0,319209.0,324443.0,324478.0,319209.0,314010.0,308741.0,305251.0,303158.0,301448.0,299703.0,299703.0,304902.0,310136.0,320954.0,330933.0,344891.0,349950.0,348729.0,341785.0,335679.0,326955.0,320295.0,317981.0,324933.0,339900.0,351567.0,356567.0
394357,63,"Bakersfield, CA",Msa,CA,249168.0,252086.0,257522.0,263616.0,267112.0,268379.0,267737.0,264530.0,259719.0,254909.0,251413.0,248526.0,246891.0,245608.0,248206.0,254941.0,261355.0,264883.0,265877.0,264915.0,262988.0,258465.0,256188.0,254876.0,256191.0,257827.0,262349.0,264273.0,265877.0,266038.0,269245.0,276942.0,285088.0,293090.0,294973.0,290194.0,284104.0,281326.0,286650.0,293333.0,304333.0,311000.0
394753,64,"Knoxville, TN",Msa,TN,264767.0,263267.0,266933.0,276933.0,286900.0,291600.0,289933.0,283267.0,276600.0,271300.0,266333.0,265833.0,262833.0,263800.0,266933.0,276767.0,288467.0,295800.0,299267.0,299900.0,298233.0,293267.0,284967.0,278333.0,275000.0,277445.0,285745.0,294045.0,303233.0,313267.0,328300.0,340000.0,339967.0,331600.0,316598.0,306598.0,299965.0,303300.0,313300.0,338267.0,358233.0,367933.0
394653,65,"Greenville, SC",Msa,SC,258578.0,260330.0,264806.0,270890.0,274885.0,277767.0,278054.0,277735.0,272926.0,268147.0,263656.0,261140.0,259579.0,260710.0,265806.0,273770.0,280475.0,281717.0,278213.0,271970.0,268629.0,267323.0,267323.0,265918.0,264357.0,267256.0,271747.0,274932.0,277799.0,282864.0,287642.0,289553.0,288407.0,289178.0,287341.0,284167.0,279500.0,279133.0,285799.0,302466.0,316167.0,330335.0
394952,66,"Ventura, CA",Msa,CA,779650.0,780983.0,777650.0,785667.0,779319.0,772652.0,756319.0,747923.0,728240.0,711540.0,696433.0,689750.0,688116.0,691300.0,701000.0,712333.0,725667.0,739300.0,749633.0,761633.0,774667.0,784633.0,784633.0,781600.0,783300.0,796633.0,813667.0,810667.0,805333.0,808333.0,832667.0,856317.0,867983.0,871567.0,864883.0,864883.0,"","","","","",""
394318,67,"Allentown, PA",Msa,PA,222867.0,222867.0,225900.0,232300.0,237300.0,240267.0,242567.0,241100.0,236767.0,231767.0,228267.0,226600.0,224267.0,225900.0,230900.0,238267.0,244633.0,248000.0,251300.0,251600.0,249933.0,246600.0,243300.0,241600.0,239967.0,243300.0,253000.0,261300.0,267933.0,269933.0,277515.0,283882.0,288548.0,290833.0,291133.0,293133.0,294966.0,307330.0,317330.0,325630.0,326233.0,324233.0
394561,68,"El Paso, TX",Msa,TX,183291.0,183490.0,183675.0,184381.0,184907.0,186718.0,188874.0,191247.0,191971.0,192189.0,192370.0,193638.0,196536.0,199597.0,202296.0,204271.0,206281.0,207911.0,207911.0,207151.0,206444.0,206462.0,207929.0,207911.0,207911.0,206462.0,206462.0,206082.0,206989.0,208819.0,212424.0,215030.0,216823.0,217545.0,"","","",231113.0,233075.0,236260.0,242243.0,248280.0
394367,69,"Baton Rouge, LA",Msa,LA,230906.0,231600.0,234600.0,239600.0,244600.0,248267.0,248600.0,246933.0,245100.0,243133.0,241500.0,239967.0,239967.0,241433.0,243800.0,248433.0,253300.0,255967.0,254667.0,250967.0,247600.0,245267.0,243300.0,241667.0,240633.0,241600.0,244900.0,247933.0,249900.0,253233.0,257900.0,263633.0,267667.0,271300.0,271933.0,271233.0,269600.0,271267.0,276267.0,284933.0,293267.0,298267.0
394521,70,"Dayton, OH",Msa,OH,128133.0,126267.0,129933.0,134900.0,140233.0,144900.0,149900.0,151567.0,149900.0,146567.0,144233.0,142567.0,142555.0,143222.0,148222.0,153233.0,160933.0,167600.0,175933.0,179900.0,178233.0,172262.0,167962.0,165325.0,163997.0,166630.0,177633.0,189267.0,199933.0,204900.0,205567.0,202800.0,199467.0,202833.0,205963.0,205963.0,204297.0,206600.0,209048.0,210715.0,214082.0,219997.0
394843,71,"McAllen, TX",Msa,TX,192167.0,190467.0,190433.0,191567.0,193100.0,194800.0,194833.0,195000.0,196000.0,195000.0,193333.0,190633.0,189967.0,192633.0,195833.0,200833.0,204167.0,207335.0,207335.0,204669.0,201633.0,199967.0,199967.0,199967.0,199800.0,199633.0,199500.0,199333.0,202500.0,208000.0,215000.0,218667.0,223000.0,227999.0,231663.0,230996.0,227663.0,227663.0,231997.0,238848.0,245152.0,250985.0
394486,72,"Columbia, SC",Msa,SC,193161.0,193193.0,197808.0,205794.0,213748.0,220344.0,221942.0,220754.0,219077.0,217512.0,220328.0,222006.0,226126.0,227069.0,228666.0,232211.0,235741.0,238616.0,235709.0,231237.0,226733.0,223539.0,220752.0,218395.0,218395.0,221666.0,225968.0,230472.0,234460.0,237306.0,240488.0,242884.0,242884.0,242094.0,241826.0,243633.0,245433.0,247933.0,252633.0,257900.0,262767.0,265400.0
394648,73,"Greensboro, NC",Msa,NC,196267.0,199800.0,208013.0,219713.0,229880.0,236317.0,242950.0,249583.0,256267.0,257933.0,254600.0,250900.0,249267.0,252600.0,259933.0,269600.0,279600.0,281300.0,279600.0,272300.0,270467.0,267467.0,265767.0,263233.0,261267.0,260267.0,262633.0,262967.0,269633.0,278217.0,289217.0,295750.0,291624.0,283924.0,271424.0,264933.0,263600.0,262263.0,266297.0,270963.0,277967.0,279133.0
394304,74,"Akron, OH",Msa,OH,145900.0,143933.0,144633.0,151167.0,159767.0,168067.0,173200.0,172933.0,169300.0,164300.0,159600.0,154900.0,151567.0,151600.0,154967.0,159967.0,166633.0,173267.0,177892.0,177859.0,173726.0,169100.0,163467.0,157600.0,152600.0,152267.0,157267.0,163933.0,171267.0,177967.0,183332.0,186665.0,183332.0,180483.0,172450.0,165783.0,158267.0,156633.0,164017.0,175383.0,183717.0,186333.0
753906,75,"North Port-Sarasota-Bradenton, FL",Msa,FL,357943.0,359327.0,360045.0,360018.0,362018.0,364933.0,368567.0,367600.0,362633.0,357982.0,354615.0,352948.0,353967.0,356300.0,361300.0,366633.0,371967.0,376933.0,376933.0,374966.0,370833.0,370265.0,372265.0,374765.0,375330.0,374997.0,374997.0,370777.0,367410.0,366710.0,372567.0,377267.0,379467.0,379467.0,379767.0,382933.0,"","","","","",""
394798,76,"Little Rock, AR",Msa,AR,168337.0,170789.0,172521.0,174943.0,177119.0,178652.0,178376.0,176812.0,175280.0,175433.0,175463.0,175463.0,174666.0,175280.0,178069.0,181932.0,188982.0,193887.0,197719.0,197719.0,196186.0,194653.0,192783.0,191864.0,190944.0,191281.0,194960.0,198945.0,203543.0,205351.0,206578.0,205045.0,205076.0,205814.0,209485.0,211595.0,213858.0,214415.0,221633.0,226633.0,231600.0,231633.0
395134,77,"Stockton, CA",Msa,CA,356115.0,357952.0,356427.0,357983.0,358933.0,365159.0,366716.0,365797.0,362669.0,359524.0,357656.0,356115.0,353033.0,351788.0,354590.0,367043.0,382297.0,394750.0,402533.0,408354.0,410222.0,408596.0,407740.0,408985.0,407467.0,405633.0,405633.0,407065.0,408603.0,414830.0,425259.0,437400.0,442381.0,443094.0,440572.0,441659.0,445250.0,458962.0,466633.0,482967.0,489600.0,511595.0
394457,78,"Charleston, SC",Msa,SC,367643.0,369822.0,373198.0,379336.0,384860.0,388113.0,388352.0,383748.0,377423.0,371200.0,367363.0,364604.0,363990.0,367796.0,376696.0,385136.0,389770.0,391305.0,389157.0,383018.0,375315.0,369760.0,367919.0,367336.0,367059.0,369344.0,376066.0,380022.0,386944.0,392192.0,400819.0,406957.0,410640.0,413935.0,415801.0,419667.0,424333.0,434666.0,446332.0,461666.0,478030.0,491363.0
395143,79,"Syracuse, NY",Msa,NY,129451.0,130606.0,133536.0,139144.0,142215.0,143624.0,144779.0,145935.0,145963.0,144808.0,143652.0,143342.0,143342.0,144751.0,147851.0,153487.0,159122.0,163912.0,165321.0,163800.0,161574.0,158756.0,157460.0,156333.0,156924.0,159742.0,163941.0,171802.0,178847.0,185920.0,188766.0,190174.0,190174.0,190976.0,188943.0,188171.0,187268.0,196929.0,209267.0,225967.0,236600.0,243967.0
394484,80,"Colorado Springs, CO",Msa,CO,482342.0,480515.0,476132.0,472701.0,470838.0,458016.0,441942.0,425139.0,416043.0,412389.0,410965.0,410965.0,417696.0,426792.0,441404.0,449285.0,458417.0,463896.0,474819.0,476646.0,476281.0,470801.0,472628.0,471167.0,469377.0,465760.0,471240.0,478914.0,488010.0,491663.0,496774.0,496774.0,491295.0,480664.0,474308.0,472737.0,"","","","","",""
395235,81,"Winston-Salem, NC",Msa,NC,209900.0,211567.0,213267.0,216600.0,218267.0,221600.0,230300.0,240333.0,248633.0,249600.0,247600.0,245633.0,245633.0,249300.0,256300.0,265667.0,276633.0,283423.0,286090.0,284880.0,284057.0,282587.0,279827.0,277160.0,275263.0,279600.0,284630.0,287363.0,290997.0,297633.0,306567.0,308233.0,304102.0,297435.0,289735.0,283567.0,280867.0,280867.0,283027.0,284173.0,286055.0,289891.0
395224,82,"Wichita, KS",Msa,KS,176600.0,182600.0,190933.0,200933.0,206567.0,208233.0,206233.0,202900.0,200600.0,197963.0,193663.0,189997.0,189667.0,193967.0,202267.0,210600.0,219517.0,224700.0,224533.0,221150.0,217000.0,215500.0,213300.0,208267.0,203100.0,201467.0,209667.0,219767.0,234583.0,248750.0,261350.0,264767.0,"","","",228981.0,228300.0,234950.0,244617.0,251283.0,247967.0,238300.0
395115,83,"Springfield, MA",Msa,MA,241822.0,242630.0,248258.0,256685.0,264925.0,268625.0,268625.0,264272.0,257773.0,251523.0,246859.0,242195.0,238184.0,236629.0,241573.0,251834.0,265516.0,274844.0,278233.0,278000.0,276352.0,274207.0,268221.0,263370.0,260540.0,263650.0,272978.0,285416.0,298134.0,309328.0,318656.0,324875.0,323289.0,321123.0,317290.0,311267.0,304300.0,304333.0,318000.0,340000.0,351667.0,354667.0
394440,84,"Fort Myers, FL",Msa,FL,248616.0,248643.0,248643.0,249445.0,249418.0,249390.0,248561.0,248312.0,248064.0,248036.0,248036.0,246931.0,246296.0,246296.0,247401.0,247815.0,247815.0,247815.0,247537.0,246432.0,245051.0,245329.0,246682.0,250412.0,253451.0,258866.0,262872.0,263121.0,263231.0,265165.0,270165.0,271574.0,270469.0,270442.0,270442.0,270442.0,"","","","","",""
394399,85,"Boise City, ID",Msa,ID,326467.0,343133.0,348300.0,354633.0,356819.0,361819.0,360452.0,354963.0,351627.0,348327.0,344996.0,341633.0,341296.0,345960.0,355660.0,369297.0,381297.0,388263.0,388297.0,384933.0,380600.0,374767.0,371133.0,368800.0,372633.0,379300.0,388318.0,393648.0,397312.0,403293.0,413297.0,421630.0,426660.0,431327.0,443097.0,452733.0,461367.0,469567.0,483267.0,503888.0,526377.0,548044.0
395160,86,"Toledo, OH",Msa,OH,126933.0,125600.0,130133.0,136800.0,144800.0,148267.0,149900.0,147900.0,145767.0,143467.0,142133.0,140933.0,139900.0,139933.0,146633.0,158299.0,173299.0,181633.0,183300.0,179433.0,172767.0,167633.0,163133.0,161433.0,159867.0,159867.0,161533.0,166600.0,179133.0,190800.0,201133.0,208632.0,208665.0,206498.0,193133.0,184767.0,178233.0,184900.0,189900.0,189933.0,184967.0,181667.0
394816,87,"Madison, WI",Msa,WI,307796.0,315144.0,324941.0,331939.0,334773.0,335472.0,335472.0,332288.0,327040.0,320077.0,316578.0,316578.0,321792.0,332288.0,344535.0,351532.0,354716.0,353877.0,352162.0,348978.0,344604.0,342820.0,341071.0,341036.0,342785.0,348943.0,357690.0,364688.0,368852.0,371861.0,371861.0,368537.0,360314.0,355611.0,352453.0,354669.0,356913.0,360229.0,361382.0,363048.0,367182.0,369900.0
394766,88,"Lakeland, FL",Msa,FL,229310.0,229688.0,231353.0,234787.0,236504.0,236933.0,237103.0,237068.0,235660.0,233740.0,231714.0,231370.0,231370.0,231679.0,231714.0,233121.0,236195.0,238835.0,240501.0,240037.0,239397.0,238075.0,237182.0,236864.0,236864.0,238615.0,240506.0,241532.0,241327.0,241222.0,243625.0,246307.0,249703.0,251644.0,252855.0,254800.0,256785.0,259137.0,263732.0,274066.0,287298.0,299633.0
394931,89,"Ogden, UT",Msa,UT,342692.0,351356.0,365274.0,377034.0,383993.0,387090.0,387507.0,384759.0,379887.0,373972.0,371537.0,373277.0,380792.0,389143.0,397528.0,404661.0,408141.0,405009.0,399158.0,394287.0,388024.0,378183.0,370876.0,370176.0,379258.0,390239.0,398941.0,400298.0,405253.0,415848.0,431540.0,438534.0,441822.0,442945.0,449616.0,457441.0,"","","","","",""
394528,90,"Daytona Beach, FL",Msa,FL,269567.0,270300.0,271833.0,274833.0,279500.0,284333.0,287633.0,287267.0,284233.0,280600.0,277267.0,275300.0,274600.0,274633.0,276633.0,281167.0,286000.0,289000.0,287800.0,284600.0,280930.0,278297.0,277597.0,278100.0,278767.0,281167.0,283667.0,283967.0,282300.0,281600.0,284800.0,287800.0,290128.0,290413.0,292079.0,291751.0,293300.0,296967.0,303633.0,313838.0,322171.0,333349.0
394531,91,"Des Moines, IA",Msa,IA,280767.0,284433.0,289767.0,295300.0,298433.0,299633.0,298967.0,295633.0,292300.0,289767.0,288133.0,284967.0,282993.0,283809.0,287109.0,290083.0,290900.0,290900.0,287933.0,282967.0,276333.0,268550.0,263517.0,259753.0,261037.0,264370.0,269767.0,273266.0,276600.0,279963.0,282797.0,282363.0,279287.0,274953.0,272053.0,270800.0,272300.0,275667.0,281633.0,290030.0,300030.0,309230.0
394711,92,"Jackson, MS",Msa,MS,233105.0,233074.0,233358.0,236512.0,239667.0,242854.0,242854.0,241276.0,236859.0,232127.0,228972.0,227048.0,227048.0,228657.0,231686.0,237711.0,242412.0,246986.0,246986.0,246702.0,244462.0,243832.0,242570.0,245093.0,247302.0,250125.0,250788.0,252649.0,258501.0,267334.0,278692.0,285632.0,288534.0,288664.0,288935.0,287966.0,284333.0,281300.0,277300.0,277467.0,280500.0,280133.0
394352,94,"Augusta, GA",Msa,GA,221022.0,223040.0,226373.0,229918.0,232933.0,234600.0,233133.0,229800.0,226467.0,224933.0,223267.0,222067.0,221067.0,221067.0,223933.0,229633.0,235967.0,237633.0,237423.0,236390.0,236757.0,235600.0,233767.0,231767.0,230317.0,231817.0,234817.0,239633.0,244667.0,249833.0,251767.0,255067.0,258533.0,261567.0,258233.0,253233.0,250567.0,253193.0,258060.0,265760.0,275167.0,281967.0
394666,96,"Harrisburg, PA",Msa,PA,207925.0,212567.0,221890.0,231213.0,241019.0,244696.0,244696.0,242764.0,242430.0,242021.0,235076.0,229504.0,226570.0,229170.0,231399.0,234741.0,239533.0,246961.0,254390.0,259590.0,259590.0,257696.0,256210.0,256173.0,255950.0,258958.0,264381.0,270176.0,274261.0,278124.0,281616.0,281801.0,279424.0,278016.0,271978.0,266279.0,261533.0,266567.0,278240.0,289973.0,297973.0,289667.0
395006,100,"Provo, UT",Msa,UT,379946.0,386768.0,397324.0,402099.0,399009.0,392170.0,388760.0,388439.0,386039.0,382936.0,377820.0,375137.0,374830.0,378825.0,386324.0,391405.0,393661.0,392984.0,394723.0,396996.0,398357.0,396277.0,393483.0,392429.0,394510.0,400717.0,410608.0,414941.0,420057.0,425173.0,440669.0,455484.0,468351.0,474444.0,482479.0,488405.0,496443.0,498683.0,499933.0,509633.0,526300.0,544633.0
394602,159,"Fort Collins, CO",Msa,CO,431403.0,434345.0,437241.0,438618.0,441902.0,445585.0,444268.0,441201.0,434299.0,431048.0,427861.0,426235.0,424609.0,425659.0,428248.0,430524.0,434069.0,436325.0,435642.0,430781.0,425936.0,424342.0,425022.0,425095.0,429158.0,436300.0,447202.0,452861.0,454812.0,457820.0,462405.0,465656.0,461429.0,455901.0,452961.0,454425.0,"","","","","",""
