RegionID,102001,394913,753899,394463,394514,394974,394692,395209,394856,394347,394404,395057,394532,395025,394976,395078,394865,395056,395121,395148,394358,394530,394982,394998,394458,395045,395055,394943,394466,394475,394735,394775,394492,394705,395059,394355,395194,394902,395005,394862,394714,394849,394935,394807,394669,395022,394910,394425,395012,394388,395053,395031,394640,395167,395169,394619,395238,394415,394312,394308,394938,394908,394357,394753,394653,394952,394318,394561,394367,394521,394843,394486,394648,394304,753906,394798,395134,394457,395143,394484,395235,395224,395115,394440,394399,395160,394816,394766,394931,394528,394531,394711,394352,394666,395006,394602
SizeRank,0,1,2,3,4,5,6,7,8,9,10,11,12,13,14,15,16,17,18,19,20,21,22,23,24,25,26,27,28,29,30,31,32,33,34,35,36,37,38,39,40,41,42,43,44,45,46,47,48,49,50,51,52,53,55,56,57,58,59,60,61,62,63,64,65,66,67,68,69,70,71,72,73,74,75,76,77,78,79,80,81,82,83,84,85,86,87,88,89,90,91,92,94,96,100,159
RegionName,United States,"New York, NY","Los Angeles-Long Beach-Anaheim, CA","Chicago, IL","Dallas-Fort Worth, TX","Philadelphia, PA","Houston, TX","Washington, DC","Miami-Fort Lauderdale, FL","Atlanta, GA","Boston, MA","San Francisco, CA","Detroit, MI","Riverside, CA","Phoenix, AZ","Seattle, WA","Minneapolis-St Paul, MN","San Diego, CA","St. Louis, MO","Tampa, FL","Baltimore, MD","Denver, CO","Pittsburgh, PA","Portland, OR","Charlotte, NC","Sacramento, CA","San Antonio, TX","Orlando, FL","Cincinnati, OH","Cleveland, OH","Kansas City, MO","Las Vegas, NV","Columbus, OH","Indianapolis, IN","San Jose, CA","Austin, TX","Virginia Beach, VA","Nashville, TN","Providence, RI","Milwaukee, WI","Jacksonville, FL","Memphis, TN","Oklahoma City, OK","Louisville-Jefferson County, KY","Hartford, CT","Richmond, VA","New Orleans, LA","Buffalo, NY","Raleigh, NC","Birmingham, AL","Salt Lake City, UT","Rochester, NY","Grand Rapids, MI","Tucson, AZ","Tulsa, OK","Fresno, CA","Worcester, MA","Stamford, CT","Albuquerque, NM","Albany, NY","Omaha, NE","New Haven, CT","Bakersfield, CA","Knoxville, TN","Greenville, SC","Ventura, CA","Allentown, PA","El Paso, TX","Baton Rouge, LA","Dayton, OH","McAllen, TX","Columbia, SC","Greensboro, NC","Akron, OH","North Port-Sarasota-Bradenton, FL","Little Rock, AR","Stockton, CA","Charleston, SC","Syracuse, NY","Colorado Springs, CO","Winston-Salem, NC","Wichita, KS","Springfield, MA","Fort Myers, FL","Boise City, ID","Toledo, OH","Madison, WI","Lakeland, FL","Ogden, UT","Daytona Beach, FL","Des Moines, IA","Jackson, MS","Augusta, GA","Harrisburg, PA","Provo, UT","Fort Collins, CO"
RegionType,Country,Msa,Msa,Msa,Msa,Msa,Msa,Msa,Msa,Msa,Msa,Msa,Msa,Msa,Msa,Msa,Msa,Msa,Msa,Msa,Msa,Msa,Msa,Msa,Msa,Msa,Msa,Msa,Msa,Msa,Msa,Msa,Msa,Msa,Msa,Msa,Msa,Msa,Msa,Msa,Msa,Msa,Msa,Msa,Msa,Msa,Msa,Msa,Msa,Msa,Msa,Msa,Msa,Msa,Msa,Msa,Msa,Msa,Msa,Msa,Msa,Msa,Msa,Msa,Msa,Msa,Msa,Msa,Msa,Msa,Msa,Msa,Msa,Msa,Msa,Msa,Msa,Msa,Msa,Msa,Msa,Msa,Msa,Msa,Msa,Msa,Msa,Msa,Msa,Msa,Msa,Msa,Msa,Msa,Msa,Msa
StateName,,NY,CA,IL,TX,PA,TX,DC,FL,GA,MA,CA,MI,CA,AZ,WA,MN,CA,MO,FL,MD,CO,PA,OR,NC,CA,TX,FL,OH,OH,MO,NV,OH,IN,CA,TX,VA,TN,RI,WI,FL,TN,OK,KY,CT,VA,LA,NY,NC,AL,UT,NY,MI,AZ,OK,CA,MA,CT,NM,NY,NE,CT,CA,TN,SC,CA,PA,TX,LA,OH,TX,SC,NC,OH,FL,AR,CA,SC,NY,CO,NC,KS,MA,FL,ID,OH,WI,FL,UT,FL,IA,MS,GA,PA,UT,CO
2018-01-06,78.0,103.0,50.0,89.0,64.0,86.0,75.0,71.0,89.0,65.0,54.0,34.0,59.0,55.0,68.0,44.0,68.0,47.0,77.0,58.0,77.0,44.0,101.0,59.0,56.0,48.0,75.0,62.0,65.0,87.0,69.0,65.0,44.0,65.0,25.0,70.0,112.0,39.0,74.0,59.0,72.0,69.0,,73.0,,79.0,82.0,64.0,49.0,82.0,42.0,73.0,49.0,61.0,92.0,35.0,54.0,,77.0,99.0,76.0,,85.0,85.0,66.0,53.0,91.0,91.0,,63.0,,,96.0,83.0,83.0,,46.0,77.0,105.0,45.0,84.0,75.0,79.0,89.0,48.0,78.0,85.0,53.0,43.0,58.0,67.0,96.0,,79.0,59.0,61.0
2018-01-13,79.0,106.0,52.0,89.0,64.0,89.0,75.0,74.0,86.0,65.0,55.0,36.0,60.0,56.0,66.0,45.0,69.0,46.0,75.0,54.0,80.0,45.0,102.0,59.0,56.0,47.0,77.0,62.0,68.0,89.0,66.0,64.0,43.0,66.0,29.0,71.0,110.0,41.0,77.0,56.0,73.0,72.0,,74.0,105.0,75.0,80.0,66.0,50.0,86.0,45.0,75.0,47.0,59.0,93.0,43.0,62.0,99.0,80.0,103.0,49.0,96.0,88.0,87.0,67.0,52.0,99.0,89.0,,61.0,,,92.0,85.0,79.0,119.0,43.0,78.0,107.0,48.0,84.0,78.0,83.0,84.0,52.0,78.0,82.0,61.0,48.0,65.0,68.0,90.0,,84.0,56.0,69.0
2018-01-20,79.0,106.0,52.0,87.0,64.0,92.0,77.0,74.0,84.0,65.0,56.0,34.0,59.0,56.0,63.0,40.0,69.0,46.0,73.0,58.0,78.0,43.0,101.0,60.0,54.0,46.0,79.0,65.0,70.0,89.0,67.0,57.0,47.0,66.0,29.0,71.0,110.0,44.0,80.0,57.0,74.0,71.0,68.0,70.0,98.0,70.0,78.0,71.0,52.0,88.0,49.0,78.0,49.0,61.0,93.0,40.0,63.0,112.0,76.0,100.0,49.0,115.0,85.0,84.0,65.0,55.0,91.0,92.0,,62.0,83.0,92.0,92.0,84.0,85.0,132.0,44.0,77.0,95.0,49.0,90.0,78.0,85.0,86.0,56.0,79.0,78.0,60.0,50.0,58.0,66.0,93.0,,82.0,50.0,70.0
2018-01-27,78.0,107.0,50.0,87.0,64.0,91.0,76.0,72.0,85.0,61.0,53.0,33.0,59.0,54.0,57.0,39.0,71.0,49.0,75.0,58.0,77.0,40.0,103.0,58.0,51.0,43.0,80.0,64.0,62.0,91.0,63.0,58.0,47.0,65.0,26.0,66.0,117.0,50.0,75.0,62.0,70.0,76.0,,58.0,96.0,71.0,78.0,71.0,49.0,88.0,50.0,81.0,55.0,63.0,94.0,37.0,59.0,123.0,72.0,101.0,46.0,108.0,82.0,79.0,66.0,54.0,90.0,94.0,,60.0,,,91.0,85.0,85.0,126.0,42.0,74.0,101.0,50.0,99.0,73.0,76.0,92.0,62.0,78.0,83.0,70.0,53.0,65.0,71.0,97.0,,83.0,47.0,74.0
2018-02-03,75.0,104.0,46.0,83.0,62.0,87.0,73.0,73.0,84.0,60.0,51.0,29.0,57.0,54.0,56.0,33.0,65.0,45.0,71.0,58.0,77.0,34.0,104.0,54.0,51.0,39.0,79.0,65.0,60.0,90.0,61.0,67.0,47.0,61.0,25.0,62.0,109.0,48.0,71.0,63.0,66.0,72.0,77.0,60.0,100.0,67.0,79.0,71.0,47.0,81.0,48.0,75.0,47.0,64.0,91.0,45.0,64.0,113.0,70.0,93.0,40.0,109.0,71.0,82.0,62.0,48.0,91.0,106.0,,59.0,74.0,104.0,88.0,82.0,88.0,98.0,38.0,71.0,100.0,44.0,99.0,73.0,70.0,91.0,60.0,79.0,77.0,70.0,49.0,73.0,68.0,91.0,,80.0,42.0,71.0
2018-02-10,73.0,99.0,42.0,79.0,58.0,83.0,73.0,67.0,85.0,57.0,50.0,25.0,54.0,51.0,59.0,29.0,62.0,44.0,70.0,59.0,78.0,33.0,106.0,53.0,50.0,38.0,75.0,62.0,57.0,88.0,61.0,68.0,48.0,62.0,22.0,60.0,114.0,48.0,68.0,62.0,64.0,72.0,81.0,53.0,93.0,64.0,80.0,69.0,41.0,74.0,47.0,69.0,52.0,63.0,91.0,40.0,61.0,107.0,70.0,87.0,41.0,106.0,68.0,75.0,63.0,44.0,105.0,107.0,,58.0,,102.0,92.0,84.0,91.0,102.0,34.0,67.0,104.0,39.0,99.0,74.0,65.0,92.0,55.0,76.0,71.0,62.0,43.0,77.0,68.0,89.0,,82.0,37.0,70.0
2018-02-17,71.0,93.0,40.0,76.0,55.0,81.0,70.0,66.0,84.0,53.0,45.0,24.0,53.0,49.0,58.0,26.0,59.0,41.0,68.0,55.0,79.0,30.0,105.0,49.0,48.0,36.0,74.0,58.0,52.0,86.0,59.0,68.0,44.0,60.0,20.0,56.0,115.0,44.0,66.0,53.0,62.0,65.0,,59.0,91.0,57.0,81.0,60.0,37.0,74.0,38.0,65.0,51.0,61.0,88.0,38.0,62.0,107.0,72.0,85.0,39.0,102.0,64.0,75.0,64.0,40.0,106.0,107.0,,57.0,97.0,,95.0,84.0,89.0,87.0,31.0,60.0,110.0,38.0,95.0,77.0,58.0,90.0,45.0,78.0,73.0,63.0,42.0,84.0,68.0,88.0,,84.0,36.0,66.0
2018-02-24,68.0,88.0,37.0,70.0,52.0,83.0,68.0,65.0,82.0,52.0,41.0,22.0,50.0,47.0,56.0,23.0,51.0,37.0,63.0,54.0,77.0,28.0,102.0,47.0,46.0,35.0,72.0,57.0,52.0,82.0,60.0,64.0,38.0,60.0,20.0,52.0,101.0,39.0,64.0,49.0,59.0,59.0,71.0,58.0,79.0,45.0,79.0,57.0,35.0,68.0,31.0,57.0,45.0,59.0,83.0,35.0,61.0,103.0,71.0,78.0,37.0,96.0,62.0,75.0,62.0,37.0,111.0,103.0,,55.0,,79.0,98.0,82.0,88.0,83.0,31.0,59.0,100.0,33.0,90.0,86.0,59.0,85.0,42.0,77.0,65.0,57.0,36.0,80.0,64.0,82.0,,86.0,40.0,59.0
2018-03-03,66.0,81.0,35.0,66.0,49.0,80.0,66.0,61.0,84.0,48.0,39.0,21.0,47.0,45.0,57.0,22.0,47.0,36.0,62.0,53.0,76.0,27.0,100.0,44.0,42.0,34.0,74.0,52.0,49.0,82.0,56.0,49.0,35.0,57.0,19.0,46.0,100.0,39.0,60.0,46.0,60.0,57.0,,54.0,81.0,42.0,78.0,59.0,30.0,63.0,26.0,56.0,41.0,56.0,81.0,33.0,54.0,99.0,69.0,79.0,33.0,90.0,59.0,70.0,63.0,37.0,102.0,96.0,,53.0,,,104.0,82.0,90.0,93.0,29.0,58.0,105.0,32.0,96.0,84.0,61.0,87.0,47.0,74.0,67.0,54.0,31.0,74.0,59.0,83.0,,85.0,44.0,57.0
2018-03-10,64.0,74.0,35.0,58.0,48.0,79.0,63.0,61.0,84.0,46.0,34.0,19.0,48.0,45.0,53.0,20.0,42.0,33.0,60.0,53.0,71.0,24.0,95.0,39.0,38.0,31.0,72.0,48.0,47.0,79.0,52.0,52.0,31.0,55.0,18.0,42.0,94.0,36.0,59.0,41.0,57.0,51.0,51.0,53.0,82.0,41.0,76.0,55.0,29.0,61.0,19.0,55.0,35.0,54.0,82.0,30.0,48.0,87.0,69.0,77.0,36.0,78.0,57.0,70.0,60.0,36.0,78.0,90.0,65.0,53.0,,,106.0,75.0,91.0,83.0,30.0,57.0,115.0,29.0,100.0,87.0,60.0,88.0,42.0,74.0,68.0,57.0,30.0,70.0,54.0,86.0,,74.0,45.0,50.0
2018-03-17,62.0,72.0,35.0,54.0,47.0,74.0,61.0,58.0,81.0,44.0,31.0,19.0,45.0,45.0,54.0,20.0,39.0,34.0,58.0,53.0,66.0,24.0,95.0,38.0,36.0,31.0,71.0,47.0,45.0,80.0,49.0,52.0,30.0,52.0,18.0,42.0,88.0,34.0,58.0,44.0,58.0,54.0,47.0,45.0,79.0,37.0,74.0,54.0,29.0,57.0,21.0,52.0,34.0,53.0,79.0,34.0,45.0,84.0,66.0,77.0,39.0,75.0,54.0,70.0,62.0,35.0,72.0,87.0,61.0,50.0,,43.0,100.0,72.0,92.0,83.0,30.0,61.0,106.0,28.0,101.0,77.0,62.0,88.0,45.0,72.0,64.0,55.0,28.0,70.0,50.0,86.0,,68.0,47.0,46.0
2018-03-24,60.0,72.0,34.0,50.0,46.0,67.0,59.0,54.0,79.0,40.0,31.0,19.0,43.0,45.0,57.0,18.0,40.0,35.0,56.0,52.0,65.0,23.0,91.0,34.0,31.0,29.0,71.0,45.0,41.0,79.0,45.0,50.0,31.0,49.0,17.0,43.0,88.0,33.0,56.0,43.0,58.0,53.0,43.0,40.0,78.0,39.0,71.0,50.0,27.0,55.0,24.0,53.0,32.0,51.0,75.0,34.0,41.0,83.0,60.0,81.0,30.0,70.0,52.0,68.0,58.0,35.0,67.0,92.0,,47.0,99.0,48.0,95.0,69.0,90.0,84.0,29.0,56.0,104.0,28.0,94.0,65.0,60.0,88.0,41.0,68.0,61.0,51.0,28.0,64.0,55.0,88.0,,57.0,40.0,45.0
2018-03-31,57.0,72.0,33.0,46.0,44.0,63.0,56.0,51.0,76.0,40.0,28.0,19.0,40.0,45.0,57.0,17.0,40.0,35.0,54.0,50.0,61.0,21.0,89.0,32.0,29.0,27.0,68.0,44.0,37.0,77.0,43.0,50.0,28.0,48.0,18.0,40.0,85.0,30.0,58.0,40.0,56.0,61.0,44.0,32.0,73.0,35.0,70.0,42.0,27.0,54.0,27.0,52.0,28.0,51.0,74.0,33.0,37.0,78.0,58.0,76.0,35.0,71.0,53.0,64.0,50.0,33.0,71.0,88.0,46.0,46.0,111.0,51.0,89.0,69.0,84.0,83.0,27.0,57.0,98.0,32.0,85.0,63.0,58.0,83.0,33.0,66.0,52.0,55.0,26.0,60.0,56.0,84.0,,50.0,31.0,41.0
2018-04-07,57.0,74.0,33.0,47.0,43.0,63.0,54.0,49.0,77.0,39.0,30.0,19.0,35.0,46.0,58.0,16.0,39.0,37.0,53.0,48.0,61.0,21.0,85.0,32.0,29.0,26.0,67.0,46.0,37.0,75.0,45.0,52.0,27.0,48.0,17.0,40.0,81.0,33.0,58.0,40.0,57.0,58.0,40.0,32.0,65.0,32.0,66.0,40.0,29.0,53.0,27.0,50.0,32.0,50.0,71.0,37.0,36.0,76.0,51.0,77.0,37.0,71.0,51.0,62.0,47.0,32.0,80.0,94.0,,43.0,121.0,66.0,85.0,72.0,81.0,79.0,28.0,55.0,82.0,31.0,78.0,56.0,55.0,84.0,34.0,62.0,51.0,52.0,24.0,56.0,52.0,82.0,,51.0,27.0,34.0
2018-04-14,56.0,75.0,33.0,46.0,42.0,61.0,52.0,44.0,78.0,37.0,28.0,19.0,33.0,45.0,55.0,15.0,38.0,39.0,50.0,47.0,60.0,19.0,78.0,29.0,28.0,24.0,64.0,45.0,36.0,71.0,43.0,59.0,25.0,46.0,16.0,36.0,83.0,34.0,53.0,35.0,56.0,51.0,52.0,32.0,61.0,33.0,61.0,38.0,27.0,52.0,23.0,47.0,30.0,47.0,69.0,34.0,32.0,73.0,45.0,76.0,31.0,63.0,50.0,60.0,42.0,32.0,84.0,97.0,,43.0,,85.0,88.0,75.0,79.0,77.0,25.0,53.0,83.0,28.0,71.0,55.0,48.0,87.0,31.0,54.0,48.0,49.0,21.0,51.0,52.0,78.0,,54.0,25.0,33.0
2018-04-21,55.0,73.0,32.0,45.0,41.0,60.0,50.0,41.0,79.0,37.0,26.0,19.0,29.0,44.0,52.0,15.0,36.0,37.0,50.0,45.0,54.0,19.0,76.0,28.0,30.0,24.0,60.0,42.0,36.0,67.0,41.0,59.0,22.0,43.0,15.0,34.0,85.0,34.0,49.0,34.0,55.0,47.0,58.0,32.0,58.0,31.0,64.0,39.0,26.0,51.0,20.0,45.0,30.0,47.0,71.0,31.0,33.0,63.0,44.0,71.0,32.0,63.0,47.0,54.0,38.0,33.0,87.0,93.0,90.0,43.0,122.0,95.0,86.0,73.0,81.0,69.0,24.0,55.0,82.0,27.0,73.0,63.0,48.0,90.0,29.0,54.0,54.0,52.0,21.0,55.0,43.0,73.0,,48.0,31.0,39.0
2018-04-28,54.0,72.0,32.0,45.0,41.0,59.0,49.0,38.0,80.0,35.0,24.0,18.0,27.0,42.0,50.0,15.0,36.0,36.0,47.0,44.0,51.0,19.0,71.0,27.0,33.0,23.0,60.0,41.0,37.0,66.0,42.0,56.0,21.0,40.0,14.0,34.0,84.0,36.0,50.0,32.0,56.0,35.0,63.0,35.0,54.0,29.0,65.0,37.0,26.0,49.0,17.0,40.0,33.0,47.0,74.0,31.0,32.0,59.0,42.0,67.0,33.0,56.0,49.0,54.0,39.0,35.0,87.0,99.0,93.0,42.0,115.0,102.0,84.0,74.0,83.0,57.0,26.0,52.0,76.0,24.0,71.0,62.0,42.0,90.0,25.0,51.0,59.0,48.0,23.0,57.0,43.0,71.0,,49.0,31.0,39.0
2018-05-05,52.0,71.0,31.0,44.0,39.0,59.0,48.0,40.0,79.0,34.0,21.0,18.0,26.0,40.0,48.0,14.0,35.0,36.0,45.0,44.0,52.0,18.0,66.0,26.0,33.0,24.0,57.0,39.0,35.0,64.0,38.0,48.0,21.0,33.0,14.0,32.0,98.0,35.0,47.0,33.0,57.0,40.0,68.0,36.0,52.0,30.0,63.0,35.0,24.0,48.0,19.0,37.0,27.0,50.0,71.0,29.0,31.0,56.0,42.0,61.0,33.0,59.0,46.0,54.0,39.0,36.0,74.0,96.0,89.0,42.0,,98.0,76.0,69.0,85.0,48.0,26.0,56.0,77.0,24.0,70.0,61.0,43.0,89.0,25.0,46.0,53.0,46.0,24.0,55.0,45.0,67.0,43.0,51.0,35.0,39.0
2018-05-12,50.0,69.0,31.0,43.0,38.0,59.0,47.0,39.0,80.0,34.0,21.0,17.0,25.0,39.0,50.0,14.0,35.0,34.0,45.0,43.0,48.0,18.0,62.0,25.0,35.0,24.0,59.0,40.0,32.0,63.0,36.0,36.0,20.0,31.0,14.0,32.0,96.0,35.0,43.0,33.0,55.0,42.0,62.0,37.0,46.0,30.0,67.0,33.0,22.0,45.0,19.0,39.0,25.0,51.0,74.0,34.0,30.0,51.0,41.0,56.0,33.0,59.0,51.0,51.0,41.0,36.0,66.0,94.0,71.0,39.0,87.0,84.0,68.0,64.0,85.0,53.0,25.0,53.0,73.0,23.0,68.0,61.0,41.0,91.0,22.0,45.0,54.0,48.0,27.0,52.0,46.0,68.0,,46.0,33.0,43.0
2018-05-19,49.0,69.0,31.0,43.0,37.0,57.0,46.0,41.0,80.0,32.0,21.0,17.0,25.0,38.0,51.0,15.0,35.0,36.0,42.0,42.0,49.0,18.0,57.0,25.0,35.0,24.0,59.0,41.0,31.0,62.0,34.0,34.0,20.0,28.0,14.0,30.0,92.0,36.0,43.0,30.0,54.0,45.0,62.0,40.0,44.0,32.0,62.0,30.0,23.0,46.0,17.0,36.0,24.0,50.0,74.0,36.0,26.0,53.0,40.0,51.0,35.0,52.0,51.0,52.0,42.0,36.0,54.0,91.0,65.0,34.0,,67.0,67.0,65.0,87.0,64.0,25.0,55.0,72.0,22.0,64.0,52.0,34.0,91.0,23.0,42.0,46.0,43.0,25.0,59.0,47.0,72.0,,48.0,28.0,40.0
2018-05-26,48.0,69.0,31.0,42.0,37.0,57.0,45.0,43.0,81.0,32.0,21.0,17.0,25.0,39.0,52.0,15.0,34.0,38.0,42.0,43.0,52.0,17.0,54.0,25.0,31.0,24.0,57.0,40.0,28.0,60.0,33.0,32.0,19.0,27.0,14.0,30.0,91.0,34.0,38.0,30.0,53.0,49.0,61.0,38.0,45.0,35.0,64.0,30.0,23.0,45.0,18.0,36.0,23.0,47.0,69.0,34.0,25.0,55.0,39.0,50.0,32.0,51.0,43.0,52.0,41.0,33.0,48.0,83.0,91.0,31.0,67.0,76.0,61.0,58.0,86.0,78.0,25.0,54.0,71.0,20.0,68.0,50.0,37.0,89.0,25.0,39.0,43.0,47.0,21.0,62.0,45.0,70.0,,48.0,29.0,37.0
2018-06-02,48.0,69.0,32.0,42.0,38.0,53.0,46.0,38.0,79.0,32.0,22.0,18.0,24.0,39.0,54.0,15.0,34.0,37.0,42.0,45.0,46.0,18.0,62.0,26.0,32.0,24.0,59.0,41.0,29.0,59.0,33.0,31.0,20.0,26.0,16.0,32.0,78.0,33.0,36.0,32.0,54.0,44.0,59.0,38.0,43.0,38.0,68.0,32.0,25.0,43.0,20.0,37.0,24.0,43.0,65.0,31.0,25.0,58.0,39.0,49.0,30.0,48.0,46.0,49.0,38.0,33.0,58.0,80.0,,29.0,,76.0,60.0,59.0,86.0,85.0,24.0,52.0,66.0,20.0,65.0,47.0,35.0,90.0,27.0,41.0,45.0,51.0,24.0,69.0,41.0,65.0,29.0,48.0,27.0,37.0
2018-06-09,48.0,69.0,32.0,42.0,38.0,52.0,46.0,37.0,80.0,33.0,22.0,20.0,25.0,41.0,53.0,15.0,33.0,42.0,41.0,44.0,47.0,19.0,62.0,26.0,31.0,23.0,55.0,40.0,31.0,59.0,33.0,31.0,20.0,26.0,18.0,32.0,77.0,33.0,36.0,30.0,57.0,43.0,59.0,36.0,43.0,38.0,66.0,32.0,27.0,43.0,21.0,35.0,23.0,43.0,64.0,29.0,26.0,60.0,40.0,49.0,31.0,47.0,43.0,48.0,34.0,32.0,63.0,81.0,93.0,27.0,63.0,70.0,59.0,59.0,85.0,79.0,28.0,53.0,62.0,19.0,67.0,46.0,36.0,85.0,25.0,38.0,44.0,50.0,23.0,74.0,43.0,63.0,32.0,47.0,26.0,31.0
2018-06-16,47.0,69.0,33.0,42.0,38.0,51.0,46.0,36.0,79.0,34.0,22.0,20.0,25.0,40.0,53.0,15.0,33.0,42.0,41.0,45.0,47.0,19.0,61.0,26.0,31.0,24.0,56.0,40.0,30.0,58.0,33.0,28.0,20.0,26.0,19.0,33.0,76.0,36.0,37.0,32.0,59.0,43.0,54.0,35.0,42.0,37.0,68.0,31.0,26.0,43.0,25.0,35.0,21.0,40.0,62.0,26.0,26.0,61.0,43.0,51.0,31.0,50.0,45.0,49.0,34.0,34.0,66.0,88.0,103.0,29.0,,76.0,59.0,54.0,80.0,72.0,28.0,51.0,60.0,19.0,70.0,43.0,39.0,81.0,27.0,38.0,46.0,53.0,24.0,64.0,43.0,61.0,35.0,45.0,27.0,31.0
2018-06-23,47.0,69.0,33.0,43.0,39.0,51.0,46.0,34.0,81.0,34.0,23.0,21.0,25.0,41.0,50.0,16.0,33.0,39.0,40.0,46.0,45.0,19.0,63.0,27.0,32.0,25.0,57.0,42.0,29.0,58.0,34.0,29.0,21.0,24.0,20.0,33.0,78.0,38.0,38.0,32.0,58.0,42.0,55.0,34.0,41.0,38.0,72.0,31.0,27.0,44.0,27.0,34.0,20.0,45.0,59.0,29.0,26.0,60.0,42.0,49.0,36.0,51.0,47.0,47.0,35.0,36.0,63.0,88.0,74.0,30.0,84.0,56.0,58.0,53.0,79.0,61.0,27.0,50.0,59.0,19.0,63.0,38.0,39.0,85.0,24.0,41.0,50.0,51.0,25.0,63.0,45.0,65.0,41.0,44.0,25.0,33.0
2018-06-30,47.0,69.0,34.0,42.0,39.0,53.0,46.0,35.0,80.0,35.0,23.0,21.0,25.0,41.0,49.0,16.0,33.0,41.0,39.0,43.0,47.0,19.0,55.0,28.0,31.0,26.0,56.0,41.0,28.0,57.0,34.0,29.0,20.0,26.0,19.0,33.0,77.0,37.0,40.0,27.0,56.0,45.0,54.0,32.0,43.0,38.0,73.0,31.0,26.0,49.0,24.0,31.0,18.0,45.0,62.0,32.0,27.0,62.0,41.0,51.0,38.0,49.0,46.0,51.0,38.0,37.0,67.0,86.0,,31.0,,54.0,58.0,52.0,81.0,60.0,26.0,50.0,57.0,19.0,63.0,39.0,38.0,83.0,25.0,39.0,51.0,48.0,22.0,54.0,46.0,67.0,41.0,39.0,23.0,32.0
2018-07-07,47.0,69.0,34.0,42.0,40.0,52.0,46.0,35.0,80.0,34.0,26.0,21.0,25.0,41.0,49.0,17.0,33.0,39.0,39.0,44.0,47.0,20.0,53.0,29.0,34.0,27.0,58.0,40.0,28.0,58.0,35.0,30.0,20.0,25.0,19.0,34.0,78.0,40.0,43.0,29.0,54.0,45.0,52.0,33.0,45.0,39.0,72.0,30.0,27.0,48.0,25.0,32.0,19.0,43.0,61.0,30.0,25.0,62.0,40.0,49.0,40.0,50.0,51.0,48.0,39.0,37.0,76.0,87.0,52.0,33.0,,52.0,59.0,52.0,83.0,65.0,25.0,51.0,60.0,20.0,60.0,43.0,38.0,85.0,26.0,40.0,51.0,51.0,21.0,53.0,41.0,65.0,44.0,36.0,25.0,35.0
2018-07-14,48.0,70.0,35.0,43.0,41.0,53.0,47.0,35.0,79.0,34.0,27.0,22.0,26.0,42.0,48.0,18.0,33.0,40.0,39.0,43.0,46.0,21.0,52.0,30.0,35.0,28.0,57.0,40.0,29.0,57.0,36.0,29.0,20.0,27.0,20.0,36.0,82.0,34.0,45.0,28.0,52.0,43.0,56.0,32.0,48.0,40.0,71.0,32.0,28.0,47.0,25.0,34.0,24.0,46.0,63.0,32.0,28.0,60.0,40.0,51.0,39.0,50.0,49.0,48.0,40.0,37.0,69.0,78.0,57.0,34.0,88.0,,59.0,56.0,86.0,60.0,26.0,55.0,65.0,22.0,58.0,46.0,41.0,86.0,25.0,39.0,49.0,51.0,20.0,50.0,44.0,59.0,44.0,36.0,27.0,35.0
2018-07-21,48.0,71.0,35.0,44.0,41.0,52.0,47.0,35.0,73.0,34.0,27.0,23.0,27.0,43.0,49.0,19.0,34.0,41.0,41.0,42.0,47.0,22.0,50.0,31.0,35.0,29.0,55.0,40.0,29.0,56.0,36.0,29.0,21.0,27.0,22.0,38.0,79.0,35.0,45.0,34.0,51.0,43.0,52.0,32.0,53.0,40.0,67.0,33.0,29.0,47.0,25.0,38.0,25.0,41.0,66.0,31.0,30.0,62.0,42.0,52.0,33.0,52.0,47.0,46.0,39.0,38.0,77.0,72.0,52.0,34.0,88.0,50.0,61.0,58.0,86.0,56.0,28.0,54.0,65.0,25.0,56.0,49.0,39.0,89.0,27.0,37.0,47.0,50.0,21.0,52.0,42.0,58.0,46.0,35.0,31.0,36.0
2018-07-28,48.0,72.0,36.0,45.0,42.0,50.0,47.0,34.0,72.0,34.0,28.0,23.0,28.0,44.0,50.0,20.0,35.0,43.0,41.0,43.0,47.0,23.0,50.0,32.0,36.0,29.0,56.0,42.0,32.0,56.0,36.0,29.0,23.0,27.0,23.0,40.0,74.0,35.0,45.0,34.0,53.0,43.0,53.0,34.0,52.0,39.0,64.0,31.0,28.0,42.0,25.0,41.0,26.0,40.0,65.0,36.0,29.0,63.0,46.0,54.0,33.0,50.0,46.0,44.0,37.0,40.0,72.0,74.0,,35.0,,,58.0,57.0,82.0,68.0,30.0,55.0,66.0,24.0,52.0,48.0,40.0,90.0,25.0,39.0,50.0,49.0,20.0,56.0,43.0,63.0,51.0,38.0,31.0,36.0
2018-08-04,49.0,74.0,37.0,47.0,42.0,50.0,48.0,35.0,70.0,35.0,28.0,24.0,28.0,44.0,51.0,21.0,37.0,42.0,41.0,45.0,50.0,24.0,51.0,33.0,35.0,31.0,55.0,44.0,32.0,55.0,36.0,31.0,23.0,28.0,24.0,41.0,73.0,37.0,48.0,32.0,53.0,45.0,57.0,33.0,53.0,40.0,62.0,32.0,28.0,43.0,26.0,43.0,28.0,44.0,69.0,37.0,30.0,66.0,47.0,52.0,36.0,56.0,42.0,47.0,37.0,39.0,81.0,75.0,59.0,36.0,82.0,58.0,53.0,57.0,83.0,69.0,31.0,53.0,63.0,27.0,52.0,49.0,42.0,89.0,25.0,39.0,50.0,43.0,22.0,61.0,46.0,65.0,47.0,41.0,31.0,36.0
2018-08-11,50.0,76.0,38.0,48.0,43.0,51.0,49.0,38.0,73.0,35.0,29.0,24.0,28.0,46.0,51.0,22.0,38.0,42.0,42.0,46.0,52.0,25.0,53.0,34.0,36.0,31.0,54.0,45.0,32.0,55.0,37.0,32.0,24.0,29.0,24.0,43.0,71.0,38.0,44.0,34.0,54.0,48.0,57.0,34.0,52.0,40.0,62.0,32.0,30.0,43.0,27.0,42.0,25.0,43.0,68.0,36.0,30.0,71.0,46.0,50.0,37.0,59.0,45.0,47.0,38.0,40.0,90.0,75.0,,35.0,,67.0,51.0,55.0,82.0,77.0,31.0,52.0,57.0,27.0,47.0,52.0,43.0,88.0,26.0,41.0,51.0,44.0,23.0,65.0,43.0,71.0,52.0,43.0,32.0,35.0
2018-08-18,51.0,78.0,39.0,49.0,45.0,52.0,50.0,38.0,75.0,35.0,30.0,24.0,29.0,46.0,48.0,23.0,38.0,45.0,43.0,47.0,52.0,26.0,56.0,34.0,36.0,32.0,55.0,43.0,33.0,57.0,37.0,35.0,23.0,30.0,24.0,45.0,70.0,41.0,47.0,29.0,56.0,45.0,60.0,35.0,51.0,42.0,61.0,33.0,30.0,45.0,24.0,40.0,27.0,44.0,68.0,34.0,32.0,72.0,47.0,52.0,39.0,60.0,49.0,49.0,41.0,40.0,92.0,76.0,43.0,35.0,,75.0,46.0,52.0,85.0,78.0,30.0,53.0,57.0,27.0,50.0,54.0,42.0,83.0,26.0,41.0,50.0,43.0,24.0,69.0,43.0,70.0,59.0,46.0,29.0,33.0
2018-08-25,52.0,78.0,39.0,49.0,45.0,54.0,52.0,41.0,76.0,36.0,31.0,25.0,30.0,46.0,48.0,24.0,39.0,43.0,44.0,47.0,52.0,27.0,56.0,34.0,38.0,32.0,55.0,43.0,31.0,59.0,37.0,35.0,23.0,32.0,25.0,44.0,80.0,42.0,46.0,28.0,56.0,49.0,67.0,32.0,52.0,42.0,62.0,34.0,33.0,48.0,25.0,41.0,28.0,44.0,67.0,28.0,34.0,72.0,48.0,54.0,37.0,63.0,53.0,49.0,42.0,41.0,81.0,80.0,54.0,36.0,,,47.0,54.0,82.0,67.0,32.0,55.0,61.0,33.0,54.0,58.0,42.0,83.0,25.0,44.0,51.0,44.0,27.0,72.0,45.0,65.0,,48.0,29.0,40.0
2018-09-01,52.0,79.0,39.0,50.0,46.0,56.0,54.0,41.0,77.0,37.0,31.0,25.0,31.0,46.0,49.0,25.0,39.0,44.0,46.0,47.0,51.0,28.0,58.0,35.0,39.0,34.0,55.0,42.0,33.0,60.0,38.0,34.0,24.0,33.0,27.0,44.0,82.0,41.0,47.0,28.0,58.0,47.0,65.0,37.0,55.0,43.0,67.0,35.0,34.0,50.0,24.0,41.0,27.0,42.0,67.0,30.0,36.0,73.0,49.0,58.0,35.0,59.0,50.0,52.0,43.0,44.0,66.0,76.0,,35.0,,80.0,49.0,52.0,79.0,61.0,31.0,61.0,60.0,33.0,60.0,53.0,43.0,85.0,26.0,43.0,49.0,45.0,25.0,72.0,46.0,66.0,59.0,49.0,29.0,40.0
2018-09-08,54.0,80.0,40.0,51.0,47.0,57.0,55.0,41.0,76.0,38.0,33.0,26.0,32.0,46.0,50.0,27.0,41.0,44.0,48.0,47.0,51.0,31.0,61.0,37.0,38.0,35.0,57.0,43.0,35.0,62.0,39.0,35.0,26.0,33.0,28.0,45.0,86.0,43.0,50.0,28.0,59.0,47.0,65.0,38.0,57.0,43.0,69.0,36.0,32.0,56.0,24.0,44.0,31.0,41.0,67.0,34.0,37.0,71.0,52.0,61.0,42.0,61.0,50.0,55.0,46.0,44.0,67.0,83.0,,36.0,,,49.0,55.0,73.0,55.0,33.0,65.0,65.0,36.0,59.0,51.0,45.0,85.0,25.0,46.0,50.0,42.0,26.0,78.0,50.0,61.0,62.0,49.0,30.0,39.0
2018-09-15,55.0,79.0,41.0,52.0,48.0,57.0,56.0,41.0,78.0,40.0,33.0,26.0,33.0,52.0,51.0,29.0,43.0,43.0,49.0,52.0,52.0,32.0,61.0,41.0,39.0,36.0,59.0,47.0,36.0,60.0,41.0,33.0,28.0,34.0,29.0,46.0,85.0,41.0,56.0,29.0,59.0,50.0,67.0,38.0,56.0,43.0,66.0,40.0,31.0,54.0,26.0,45.0,31.0,39.0,69.0,35.0,36.0,71.0,49.0,63.0,43.0,58.0,47.0,56.0,45.0,45.0,66.0,87.0,,37.0,110.0,,55.0,58.0,75.0,62.0,33.0,68.0,76.0,36.0,58.0,52.0,50.0,87.0,28.0,48.0,55.0,40.0,27.0,83.0,51.0,60.0,54.0,48.0,31.0,42.0
2018-09-22,56.0,81.0,43.0,53.0,49.0,57.0,59.0,41.0,78.0,40.0,33.0,26.0,35.0,54.0,50.0,30.0,43.0,44.0,51.0,53.0,52.0,33.0,61.0,42.0,39.0,39.0,60.0,49.0,36.0,62.0,41.0,35.0,29.0,34.0,28.0,48.0,79.0,43.0,57.0,,60.0,51.0,63.0,41.0,54.0,46.0,65.0,43.0,32.0,54.0,28.0,45.0,34.0,39.0,73.0,36.0,36.0,70.0,49.0,58.0,47.0,61.0,46.0,56.0,45.0,45.0,74.0,84.0,35.0,39.0,,90.0,57.0,59.0,75.0,65.0,31.0,65.0,77.0,33.0,60.0,49.0,54.0,88.0,33.0,46.0,55.0,38.0,25.0,88.0,49.0,62.0,,46.0,32.0,58.0
2018-09-29,56.0,83.0,43.0,54.0,50.0,58.0,59.0,40.0,79.0,40.0,33.0,26.0,35.0,55.0,48.0,30.0,42.0,48.0,51.0,52.0,51.0,32.0,60.0,45.0,39.0,39.0,61.0,50.0,36.0,64.0,45.0,35.0,30.0,36.0,27.0,50.0,84.0,44.0,57.0,,60.0,53.0,63.0,39.0,57.0,47.0,62.0,44.0,31.0,54.0,31.0,46.0,35.0,41.0,72.0,39.0,37.0,69.0,52.0,57.0,46.0,62.0,47.0,57.0,47.0,47.0,81.0,83.0,,40.0,119.0,,59.0,62.0,73.0,76.0,32.0,64.0,80.0,33.0,50.0,47.0,55.0,89.0,32.0,50.0,64.0,37.0,30.0,88.0,48.0,72.0,53.0,47.0,35.0,61.0
2018-10-06,57.0,82.0,43.0,54.0,51.0,57.0,61.0,39.0,81.0,41.0,31.0,26.0,36.0,55.0,46.0,31.0,43.0,49.0,52.0,50.0,54.0,32.0,60.0,46.0,41.0,38.0,59.0,50.0,36.0,65.0,45.0,36.0,30.0,36.0,28.0,50.0,85.0,41.0,56.0,,60.0,55.0,57.0,37.0,60.0,46.0,58.0,45.0,32.0,53.0,31.0,45.0,33.0,40.0,76.0,39.0,37.0,75.0,50.0,58.0,46.0,60.0,47.0,56.0,44.0,48.0,77.0,75.0,,37.0,,75.0,60.0,61.0,79.0,74.0,34.0,61.0,79.0,34.0,52.0,49.0,52.0,88.0,34.0,45.0,66.0,37.0,32.0,83.0,45.0,81.0,55.0,47.0,33.0,66.0
2018-10-13,57.0,84.0,43.0,56.0,52.0,57.0,61.0,40.0,80.0,41.0,32.0,26.0,38.0,51.0,47.0,32.0,44.0,51.0,51.0,45.0,56.0,32.0,61.0,47.0,41.0,40.0,62.0,51.0,37.0,67.0,44.0,38.0,32.0,37.0,28.0,51.0,87.0,42.0,49.0,,61.0,55.0,55.0,38.0,61.0,46.0,60.0,43.0,33.0,56.0,32.0,46.0,33.0,42.0,75.0,38.0,42.0,77.0,55.0,58.0,46.0,65.0,50.0,53.0,45.0,49.0,73.0,75.0,,38.0,,76.0,58.0,61.0,73.0,70.0,35.0,62.0,69.0,35.0,51.0,48.0,49.0,89.0,31.0,44.0,66.0,38.0,33.0,79.0,48.0,84.0,62.0,47.0,33.0,74.0
2018-10-20,57.0,85.0,44.0,56.0,53.0,57.0,61.0,42.0,80.0,42.0,32.0,27.0,38.0,51.0,48.0,33.0,44.0,51.0,51.0,46.0,62.0,32.0,63.0,47.0,41.0,40.0,62.0,49.0,38.0,65.0,44.0,37.0,32.0,38.0,30.0,51.0,97.0,46.0,50.0,,60.0,49.0,54.0,38.0,65.0,44.0,61.0,43.0,32.0,53.0,32.0,50.0,35.0,41.0,77.0,38.0,42.0,79.0,55.0,70.0,40.0,67.0,48.0,53.0,45.0,51.0,78.0,75.0,,36.0,,,56.0,63.0,77.0,,38.0,64.0,72.0,40.0,48.0,49.0,49.0,88.0,31.0,44.0,63.0,40.0,38.0,74.0,48.0,87.0,64.0,48.0,35.0,64.0
2018-10-27,58.0,84.0,44.0,57.0,54.0,56.0,61.0,44.0,79.0,42.0,34.0,29.0,41.0,52.0,48.0,35.0,47.0,51.0,52.0,45.0,66.0,34.0,66.0,49.0,40.0,41.0,64.0,48.0,38.0,66.0,39.0,38.0,32.0,39.0,32.0,53.0,96.0,44.0,51.0,,60.0,47.0,62.0,39.0,64.0,48.0,65.0,43.0,34.0,53.0,31.0,51.0,35.0,41.0,76.0,35.0,43.0,80.0,53.0,74.0,36.0,70.0,49.0,52.0,45.0,50.0,80.0,77.0,,39.0,,,58.0,61.0,75.0,61.0,38.0,67.0,71.0,40.0,56.0,49.0,51.0,86.0,34.0,45.0,68.0,44.0,35.0,73.0,46.0,74.0,58.0,47.0,34.0,69.0
2018-11-03,59.0,86.0,45.0,59.0,54.0,56.0,62.0,47.0,78.0,42.0,35.0,30.0,43.0,54.0,50.0,37.0,49.0,51.0,52.0,48.0,65.0,34.0,67.0,48.0,39.0,42.0,67.0,51.0,40.0,70.0,40.0,39.0,34.0,40.0,33.0,54.0,94.0,48.0,57.0,,62.0,44.0,68.0,43.0,61.0,49.0,70.0,45.0,34.0,50.0,35.0,53.0,34.0,41.0,73.0,39.0,43.0,74.0,54.0,72.0,35.0,73.0,58.0,50.0,48.0,50.0,,85.0,,43.0,,87.0,52.0,61.0,79.0,67.0,36.0,66.0,82.0,40.0,56.0,51.0,52.0,85.0,35.0,51.0,71.0,47.0,35.0,78.0,48.0,70.0,67.0,48.0,35.0,66.0
2018-11-10,60.0,86.0,45.0,61.0,56.0,60.0,63.0,49.0,78.0,43.0,37.0,32.0,43.0,54.0,52.0,39.0,52.0,50.0,54.0,49.0,64.0,36.0,65.0,48.0,39.0,43.0,66.0,49.0,41.0,68.0,42.0,41.0,33.0,41.0,34.0,54.0,98.0,46.0,59.0,,64.0,49.0,69.0,43.0,63.0,50.0,71.0,48.0,36.0,49.0,36.0,52.0,35.0,41.0,71.0,48.0,42.0,76.0,52.0,73.0,35.0,70.0,57.0,53.0,49.0,50.0,89.0,85.0,,44.0,,85.0,50.0,63.0,80.0,65.0,37.0,67.0,87.0,39.0,63.0,52.0,52.0,83.0,35.0,55.0,69.0,47.0,35.0,74.0,48.0,76.0,58.0,47.0,34.0,62.0
2018-11-17,62.0,87.0,46.0,63.0,57.0,62.0,64.0,50.0,80.0,44.0,39.0,33.0,45.0,55.0,52.0,41.0,53.0,52.0,56.0,48.0,61.0,37.0,64.0,51.0,40.0,42.0,65.0,52.0,42.0,70.0,42.0,45.0,34.0,41.0,34.0,56.0,94.0,43.0,61.0,,66.0,56.0,74.0,44.0,62.0,54.0,71.0,49.0,36.0,53.0,37.0,51.0,31.0,41.0,76.0,51.0,43.0,77.0,54.0,69.0,36.0,69.0,60.0,54.0,54.0,53.0,85.0,82.0,,46.0,,,49.0,67.0,80.0,,37.0,67.0,89.0,36.0,65.0,52.0,51.0,82.0,32.0,61.0,70.0,49.0,34.0,75.0,51.0,78.0,58.0,47.0,34.0,62.0
2018-11-24,62.0,88.0,47.0,64.0,58.0,62.0,64.0,52.0,77.0,45.0,41.0,33.0,45.0,55.0,53.0,42.0,54.0,50.0,56.0,48.0,59.0,38.0,63.0,50.0,43.0,42.0,67.0,55.0,44.0,69.0,44.0,46.0,34.0,42.0,35.0,56.0,89.0,47.0,65.0,,67.0,60.0,71.0,45.0,60.0,52.0,69.0,49.0,34.0,52.0,39.0,51.0,33.0,39.0,80.0,57.0,45.0,89.0,56.0,73.0,36.0,68.0,65.0,54.0,56.0,53.0,,80.0,,48.0,,,46.0,70.0,83.0,74.0,38.0,63.0,88.0,36.0,68.0,54.0,46.0,85.0,30.0,61.0,63.0,48.0,35.0,71.0,55.0,81.0,59.0,47.0,32.0,56.0
2018-12-01,64.0,90.0,49.0,67.0,59.0,65.0,66.0,54.0,79.0,47.0,45.0,36.0,46.0,56.0,55.0,44.0,56.0,52.0,59.0,47.0,63.0,40.0,66.0,53.0,46.0,44.0,70.0,55.0,46.0,68.0,46.0,46.0,35.0,45.0,36.0,56.0,93.0,48.0,65.0,,68.0,66.0,73.0,45.0,64.0,57.0,65.0,51.0,35.0,57.0,38.0,52.0,33.0,41.0,82.0,55.0,48.0,93.0,60.0,81.0,39.0,67.0,61.0,59.0,58.0,57.0,88.0,75.0,,51.0,,,48.0,71.0,86.0,85.0,43.0,65.0,80.0,36.0,71.0,52.0,47.0,84.0,31.0,58.0,71.0,44.0,39.0,70.0,57.0,85.0,37.0,56.0,34.0,69.0
2018-12-08,65.0,93.0,52.0,70.0,61.0,65.0,66.0,56.0,81.0,48.0,46.0,38.0,48.0,59.0,53.0,46.0,55.0,53.0,61.0,48.0,65.0,42.0,69.0,55.0,49.0,45.0,70.0,59.0,47.0,71.0,49.0,46.0,39.0,47.0,38.0,58.0,93.0,52.0,67.0,,66.0,64.0,71.0,49.0,70.0,56.0,68.0,55.0,36.0,58.0,40.0,56.0,34.0,42.0,91.0,49.0,50.0,95.0,61.0,86.0,39.0,74.0,63.0,63.0,59.0,58.0,,80.0,,54.0,79.0,,51.0,73.0,85.0,92.0,46.0,64.0,77.0,39.0,67.0,51.0,50.0,85.0,33.0,62.0,75.0,49.0,38.0,66.0,60.0,82.0,35.0,58.0,35.0,65.0
2018-12-15,67.0,95.0,54.0,74.0,60.0,66.0,68.0,59.0,79.0,49.0,48.0,39.0,50.0,61.0,54.0,48.0,60.0,53.0,62.0,48.0,67.0,44.0,74.0,55.0,49.0,49.0,73.0,55.0,48.0,75.0,51.0,46.0,40.0,50.0,42.0,61.0,92.0,55.0,71.0,,67.0,61.0,68.0,51.0,73.0,58.0,70.0,56.0,36.0,60.0,44.0,61.0,36.0,45.0,88.0,52.0,54.0,98.0,63.0,84.0,43.0,76.0,60.0,64.0,61.0,57.0,,,,59.0,,89.0,57.0,68.0,82.0,95.0,49.0,66.0,74.0,39.0,73.0,54.0,52.0,84.0,39.0,60.0,90.0,50.0,39.0,67.0,63.0,84.0,42.0,58.0,43.0,67.0
2018-12-22,69.0,96.0,56.0,77.0,62.0,70.0,69.0,61.0,83.0,52.0,51.0,41.0,52.0,62.0,56.0,50.0,63.0,59.0,65.0,54.0,73.0,47.0,76.0,60.0,49.0,53.0,73.0,55.0,51.0,80.0,54.0,49.0,45.0,51.0,43.0,60.0,97.0,54.0,68.0,,67.0,65.0,74.0,59.0,78.0,54.0,72.0,57.0,39.0,60.0,45.0,64.0,38.0,47.0,92.0,50.0,62.0,95.0,63.0,86.0,54.0,77.0,62.0,65.0,63.0,57.0,107.0,,,62.0,,,61.0,70.0,81.0,99.0,53.0,69.0,79.0,46.0,69.0,60.0,56.0,80.0,45.0,66.0,90.0,51.0,42.0,73.0,71.0,90.0,56.0,64.0,41.0,69.0
2018-12-29,71.0,96.0,58.0,80.0,63.0,71.0,71.0,64.0,85.0,54.0,52.0,43.0,54.0,64.0,58.0,52.0,65.0,60.0,66.0,54.0,73.0,49.0,79.0,64.0,50.0,53.0,70.0,58.0,50.0,83.0,55.0,53.0,46.0,53.0,45.0,65.0,99.0,54.0,74.0,,66.0,60.0,77.0,66.0,84.0,55.0,75.0,60.0,41.0,62.0,48.0,65.0,39.0,47.0,96.0,54.0,69.0,92.0,66.0,78.0,48.0,81.0,68.0,67.0,68.0,57.0,,,,61.0,,,64.0,78.0,77.0,,52.0,68.0,85.0,49.0,69.0,60.0,62.0,88.0,49.0,78.0,92.0,60.0,43.0,70.0,71.0,90.0,,61.0,41.0,
2019-01-05,74.0,100.0,60.0,82.0,64.0,74.0,73.0,65.0,90.0,56.0,59.0,45.0,57.0,65.0,59.0,56.0,68.0,65.0,68.0,58.0,76.0,50.0,81.0,67.0,54.0,57.0,75.0,56.0,55.0,86.0,55.0,55.0,47.0,57.0,50.0,70.0,103.0,61.0,77.0,,71.0,59.0,81.0,71.0,87.0,59.0,75.0,60.0,44.0,65.0,49.0,71.0,38.0,51.0,92.0,57.0,74.0,97.0,68.0,76.0,68.0,80.0,63.0,74.0,69.0,60.0,80.0,,,66.0,,,68.0,76.0,79.0,78.0,55.0,75.0,92.0,52.0,72.0,60.0,70.0,93.0,53.0,81.0,102.0,65.0,44.0,77.0,72.0,95.0,85.0,66.0,45.0,82.0
2019-01-12,75.0,101.0,61.0,84.0,65.0,78.0,73.0,65.0,91.0,58.0,62.0,48.0,60.0,65.0,60.0,58.0,69.0,67.0,70.0,59.0,74.0,50.0,83.0,68.0,56.0,57.0,77.0,58.0,54.0,83.0,55.0,58.0,49.0,57.0,52.0,69.0,101.0,61.0,78.0,,71.0,58.0,79.0,74.0,93.0,53.0,78.0,63.0,46.0,69.0,48.0,68.0,40.0,50.0,93.0,65.0,75.0,96.0,70.0,76.0,69.0,79.0,65.0,71.0,69.0,61.0,80.0,,,63.0,,,64.0,77.0,81.0,79.0,55.0,77.0,100.0,57.0,65.0,63.0,72.0,95.0,56.0,82.0,94.0,65.0,49.0,77.0,72.0,93.0,81.0,69.0,38.0,100.0
2019-01-19,75.0,105.0,62.0,84.0,65.0,77.0,73.0,64.0,91.0,58.0,60.0,49.0,60.0,66.0,60.0,56.0,68.0,65.0,70.0,58.0,74.0,50.0,83.0,66.0,56.0,57.0,79.0,58.0,55.0,82.0,54.0,58.0,47.0,58.0,52.0,70.0,102.0,64.0,79.0,,70.0,52.0,74.0,70.0,94.0,57.0,80.0,65.0,46.0,73.0,48.0,69.0,37.0,52.0,88.0,75.0,69.0,96.0,68.0,73.0,63.0,83.0,61.0,72.0,66.0,62.0,77.0,,,60.0,121.0,64.0,63.0,76.0,79.0,69.0,53.0,79.0,100.0,54.0,69.0,63.0,77.0,99.0,58.0,80.0,93.0,59.0,46.0,79.0,65.0,94.0,81.0,67.0,53.0,101.0
2019-01-26,74.0,106.0,61.0,83.0,66.0,75.0,71.0,59.0,89.0,57.0,58.0,45.0,60.0,66.0,57.0,52.0,67.0,64.0,70.0,59.0,74.0,47.0,82.0,60.0,55.0,57.0,82.0,52.0,55.0,81.0,53.0,57.0,46.0,57.0,49.0,66.0,101.0,67.0,75.0,,71.0,62.0,76.0,63.0,90.0,54.0,86.0,60.0,45.0,70.0,52.0,70.0,40.0,55.0,83.0,67.0,62.0,96.0,66.0,87.0,71.0,80.0,57.0,72.0,62.0,60.0,73.0,,,60.0,,69.0,68.0,69.0,78.0,82.0,53.0,81.0,98.0,51.0,68.0,66.0,77.0,96.0,58.0,76.0,83.0,60.0,44.0,82.0,66.0,102.0,91.0,66.0,48.0,103.0
2019-02-02,72.0,103.0,59.0,81.0,66.0,71.0,72.0,57.0,92.0,55.0,52.0,41.0,59.0,65.0,56.0,48.0,67.0,59.0,69.0,56.0,73.0,44.0,82.0,59.0,51.0,54.0,79.0,55.0,54.0,78.0,54.0,59.0,47.0,56.0,42.0,59.0,94.0,59.0,73.0,,69.0,75.0,76.0,58.0,89.0,56.0,86.0,62.0,42.0,66.0,49.0,63.0,41.0,54.0,87.0,62.0,57.0,87.0,67.0,84.0,57.0,78.0,61.0,63.0,61.0,58.0,74.0,,,58.0,,96.0,66.0,70.0,78.0,71.0,50.0,74.0,100.0,51.0,68.0,68.0,73.0,91.0,56.0,72.0,79.0,56.0,45.0,89.0,67.0,95.0,95.0,62.0,48.0,85.0
2019-02-09,71.0,99.0,56.0,78.0,65.0,68.0,84.0,52.0,93.0,54.0,49.0,36.0,60.0,64.0,54.0,43.0,64.0,59.0,66.0,56.0,75.0,42.0,83.0,56.0,47.0,50.0,78.0,57.0,54.0,79.0,54.0,56.0,46.0,57.0,38.0,56.0,98.0,56.0,74.0,,70.0,77.0,79.0,59.0,83.0,60.0,82.0,61.0,39.0,59.0,47.0,63.0,44.0,55.0,87.0,54.0,59.0,89.0,64.0,89.0,67.0,80.0,63.0,65.0,61.0,59.0,75.0,,64.0,59.0,,92.0,68.0,74.0,75.0,69.0,50.0,69.0,98.0,45.0,68.0,65.0,69.0,91.0,48.0,74.0,75.0,52.0,41.0,93.0,68.0,93.0,105.0,61.0,46.0,69.0
2019-02-16,71.0,96.0,56.0,75.0,64.0,66.0,87.0,50.0,97.0,53.0,47.0,33.0,59.0,62.0,53.0,41.0,62.0,58.0,63.0,55.0,70.0,39.0,85.0,54.0,47.0,47.0,76.0,55.0,52.0,77.0,56.0,57.0,45.0,56.0,37.0,54.0,93.0,55.0,75.0,,69.0,74.0,76.0,57.0,79.0,59.0,81.0,62.0,36.0,57.0,47.0,58.0,50.0,54.0,84.0,43.0,53.0,84.0,63.0,93.0,74.0,77.0,65.0,65.0,62.0,59.0,107.0,,,61.0,,79.0,67.0,74.0,78.0,66.0,50.0,65.0,100.0,41.0,60.0,64.0,63.0,89.0,44.0,73.0,75.0,58.0,43.0,91.0,68.0,94.0,107.0,64.0,42.0,73.0
2019-02-23,69.0,95.0,55.0,73.0,63.0,65.0,85.0,47.0,96.0,51.0,45.0,32.0,59.0,61.0,54.0,40.0,59.0,58.0,60.0,56.0,69.0,37.0,87.0,53.0,45.0,44.0,72.0,55.0,51.0,78.0,60.0,55.0,42.0,56.0,35.0,51.0,88.0,52.0,74.0,,69.0,65.0,75.0,57.0,74.0,59.0,74.0,66.0,34.0,59.0,40.0,56.0,47.0,54.0,90.0,46.0,54.0,85.0,61.0,88.0,68.0,77.0,63.0,62.0,60.0,64.0,95.0,,,61.0,115.0,83.0,58.0,75.0,77.0,66.0,50.0,64.0,105.0,40.0,61.0,66.0,59.0,89.0,40.0,71.0,78.0,54.0,40.0,89.0,70.0,85.0,99.0,63.0,49.0,73.0
2019-03-02,69.0,94.0,55.0,69.0,60.0,62.0,84.0,44.0,90.0,59.0,43.0,31.0,57.0,60.0,55.0,36.0,53.0,58.0,56.0,56.0,66.0,35.0,86.0,51.0,46.0,41.0,73.0,56.0,51.0,78.0,57.0,53.0,38.0,54.0,34.0,49.0,93.0,55.0,77.0,,71.0,59.0,75.0,57.0,68.0,55.0,71.0,62.0,33.0,60.0,44.0,55.0,50.0,54.0,85.0,52.0,57.0,86.0,59.0,90.0,63.0,73.0,62.0,62.0,59.0,64.0,105.0,,,60.0,88.0,66.0,57.0,76.0,79.0,69.0,47.0,64.0,102.0,35.0,55.0,70.0,56.0,91.0,39.0,69.0,71.0,51.0,40.0,82.0,68.0,84.0,107.0,61.0,46.0,73.0
2019-03-09,67.0,93.0,54.0,66.0,59.0,59.0,71.0,43.0,91.0,56.0,39.0,30.0,52.0,60.0,56.0,34.0,52.0,56.0,55.0,55.0,63.0,34.0,83.0,51.0,44.0,40.0,70.0,54.0,48.0,76.0,57.0,55.0,38.0,52.0,32.0,46.0,91.0,53.0,74.0,,68.0,59.0,76.0,53.0,69.0,49.0,72.0,59.0,32.0,57.0,42.0,51.0,44.0,52.0,79.0,50.0,50.0,79.0,54.0,88.0,52.0,69.0,66.0,62.0,58.0,64.0,106.0,,,57.0,86.0,,58.0,74.0,79.0,71.0,43.0,66.0,106.0,38.0,54.0,67.0,56.0,93.0,39.0,65.0,68.0,53.0,39.0,77.0,69.0,81.0,103.0,60.0,47.0,71.0
2019-03-16,65.0,92.0,52.0,64.0,58.0,57.0,65.0,40.0,88.0,54.0,37.0,30.0,50.0,62.0,56.0,32.0,50.0,56.0,54.0,56.0,60.0,33.0,81.0,49.0,43.0,40.0,69.0,56.0,46.0,75.0,55.0,53.0,37.0,51.0,30.0,43.0,92.0,53.0,68.0,,69.0,61.0,79.0,51.0,68.0,46.0,73.0,55.0,33.0,54.0,36.0,53.0,35.0,52.0,80.0,53.0,53.0,76.0,53.0,78.0,48.0,67.0,67.0,57.0,58.0,62.0,83.0,,,54.0,,86.0,54.0,72.0,83.0,71.0,40.0,65.0,104.0,41.0,53.0,61.0,56.0,96.0,37.0,63.0,63.0,51.0,38.0,78.0,73.0,72.0,96.0,52.0,37.0,89.0
2019-03-23,63.0,90.0,50.0,60.0,56.0,56.0,63.0,38.0,87.0,54.0,36.0,30.0,48.0,61.0,55.0,28.0,49.0,55.0,51.0,54.0,55.0,33.0,77.0,46.0,41.0,37.0,69.0,58.0,44.0,71.0,51.0,54.0,35.0,47.0,30.0,39.0,95.0,52.0,67.0,,67.0,60.0,74.0,50.0,67.0,43.0,74.0,51.0,32.0,49.0,36.0,49.0,36.0,50.0,77.0,51.0,49.0,71.0,51.0,76.0,49.0,64.0,71.0,53.0,56.0,55.0,93.0,,,54.0,120.0,78.0,56.0,69.0,85.0,82.0,36.0,62.0,95.0,44.0,51.0,54.0,52.0,95.0,35.0,58.0,60.0,50.0,37.0,76.0,74.0,70.0,92.0,46.0,34.0,91.0
2019-03-30,61.0,89.0,48.0,57.0,55.0,53.0,60.0,35.0,87.0,45.0,33.0,28.0,45.0,60.0,55.0,27.0,48.0,53.0,48.0,54.0,52.0,31.0,73.0,43.0,37.0,35.0,66.0,54.0,39.0,71.0,49.0,54.0,33.0,42.0,28.0,37.0,90.0,46.0,59.0,,64.0,52.0,74.0,46.0,64.0,38.0,78.0,54.0,31.0,45.0,28.0,44.0,33.0,50.0,75.0,44.0,44.0,66.0,48.0,75.0,51.0,63.0,74.0,51.0,55.0,50.0,100.0,,82.0,48.0,119.0,88.0,50.0,66.0,85.0,78.0,36.0,60.0,86.0,44.0,50.0,54.0,49.0,98.0,33.0,54.0,59.0,53.0,33.0,75.0,74.0,69.0,82.0,42.0,33.0,97.0
2019-04-06,59.0,86.0,48.0,55.0,54.0,52.0,57.0,33.0,87.0,44.0,34.0,28.0,44.0,58.0,54.0,26.0,44.0,51.0,44.0,56.0,49.0,30.0,71.0,40.0,38.0,34.0,66.0,56.0,39.0,69.0,46.0,53.0,30.0,39.0,28.0,36.0,86.0,45.0,60.0,,63.0,48.0,71.0,43.0,58.0,39.0,75.0,52.0,31.0,48.0,28.0,43.0,34.0,50.0,75.0,47.0,46.0,67.0,52.0,70.0,52.0,61.0,72.0,50.0,53.0,47.0,101.0,,92.0,45.0,134.0,73.0,44.0,63.0,89.0,79.0,35.0,58.0,74.0,39.0,48.0,54.0,45.0,99.0,33.0,51.0,53.0,53.0,28.0,73.0,75.0,71.0,79.0,38.0,35.0,95.0
2019-04-13,58.0,83.0,46.0,52.0,53.0,50.0,56.0,32.0,86.0,44.0,31.0,26.0,41.0,54.0,54.0,24.0,42.0,48.0,42.0,54.0,47.0,28.0,67.0,39.0,37.0,31.0,64.0,57.0,38.0,69.0,43.0,52.0,28.0,37.0,27.0,34.0,83.0,42.0,55.0,24.0,63.0,48.0,65.0,43.0,56.0,39.0,72.0,49.0,30.0,48.0,31.0,39.0,35.0,49.0,76.0,44.0,41.0,70.0,52.0,68.0,49.0,56.0,67.0,53.0,47.0,47.0,103.0,,89.0,43.0,111.0,,43.0,60.0,88.0,79.0,34.0,56.0,68.0,33.0,45.0,52.0,44.0,97.0,33.0,50.0,56.0,52.0,26.0,73.0,73.0,71.0,79.0,39.0,35.0,78.0
2019-04-20,56.0,80.0,46.0,50.0,52.0,46.0,54.0,30.0,87.0,42.0,30.0,26.0,38.0,53.0,53.0,24.0,39.0,45.0,39.0,54.0,46.0,26.0,63.0,36.0,36.0,30.0,62.0,54.0,35.0,67.0,39.0,52.0,27.0,36.0,25.0,34.0,78.0,44.0,51.0,40.0,64.0,46.0,62.0,42.0,52.0,37.0,68.0,46.0,28.0,44.0,30.0,39.0,32.0,47.0,75.0,42.0,37.0,69.0,49.0,65.0,44.0,58.0,59.0,55.0,50.0,47.0,101.0,,93.0,36.0,,61.0,39.0,60.0,89.0,63.0,36.0,55.0,64.0,27.0,43.0,51.0,44.0,100.0,33.0,44.0,50.0,50.0,27.0,78.0,70.0,72.0,79.0,40.0,31.0,78.0
2019-04-27,55.0,81.0,44.0,48.0,50.0,45.0,54.0,30.0,87.0,40.0,30.0,26.0,37.0,51.0,51.0,23.0,37.0,45.0,40.0,52.0,44.0,25.0,63.0,34.0,36.0,29.0,61.0,50.0,34.0,65.0,38.0,52.0,26.0,35.0,26.0,33.0,75.0,46.0,52.0,48.0,64.0,39.0,60.0,41.0,49.0,36.0,66.0,38.0,28.0,48.0,32.0,39.0,30.0,42.0,76.0,39.0,35.0,72.0,47.0,61.0,40.0,55.0,54.0,55.0,46.0,46.0,88.0,,92.0,35.0,101.0,49.0,38.0,57.0,90.0,76.0,34.0,55.0,69.0,25.0,42.0,46.0,43.0,98.0,33.0,43.0,49.0,49.0,26.0,87.0,66.0,69.0,90.0,42.0,31.0,68.0
2019-05-04,54.0,81.0,43.0,46.0,50.0,44.0,55.0,28.0,86.0,39.0,28.0,26.0,36.0,56.0,50.0,22.0,35.0,45.0,40.0,50.0,45.0,24.0,59.0,34.0,35.0,26.0,60.0,48.0,31.0,62.0,38.0,51.0,24.0,32.0,26.0,34.0,74.0,44.0,51.0,53.0,64.0,38.0,59.0,40.0,48.0,34.0,64.0,35.0,27.0,45.0,29.0,36.0,28.0,41.0,74.0,35.0,30.0,71.0,41.0,62.0,42.0,54.0,49.0,56.0,45.0,44.0,85.0,,97.0,33.0,,50.0,37.0,57.0,89.0,70.0,35.0,56.0,65.0,25.0,40.0,50.0,44.0,98.0,33.0,40.0,51.0,50.0,27.0,89.0,63.0,67.0,97.0,41.0,28.0,68.0
2019-05-11,53.0,81.0,43.0,45.0,49.0,43.0,54.0,27.0,85.0,39.0,27.0,26.0,36.0,56.0,48.0,21.0,35.0,42.0,39.0,50.0,43.0,25.0,56.0,32.0,34.0,27.0,59.0,45.0,31.0,60.0,37.0,50.0,23.0,30.0,26.0,35.0,74.0,43.0,52.0,58.0,62.0,30.0,61.0,44.0,46.0,30.0,59.0,37.0,27.0,44.0,26.0,34.0,25.0,41.0,76.0,33.0,29.0,65.0,39.0,63.0,34.0,56.0,49.0,50.0,46.0,40.0,89.0,,106.0,28.0,99.0,54.0,35.0,55.0,90.0,74.0,35.0,59.0,62.0,27.0,41.0,58.0,40.0,100.0,30.0,35.0,50.0,50.0,25.0,88.0,60.0,66.0,96.0,39.0,30.0,64.0
2019-05-18,52.0,80.0,42.0,45.0,48.0,43.0,53.0,28.0,85.0,39.0,26.0,26.0,34.0,57.0,48.0,19.0,34.0,42.0,40.0,50.0,41.0,26.0,57.0,33.0,33.0,27.0,60.0,44.0,30.0,58.0,37.0,49.0,22.0,29.0,27.0,36.0,71.0,40.0,53.0,45.0,59.0,31.0,61.0,44.0,46.0,29.0,63.0,36.0,27.0,48.0,24.0,31.0,24.0,44.0,79.0,30.0,28.0,65.0,38.0,56.0,39.0,50.0,50.0,49.0,43.0,39.0,84.0,,98.0,27.0,,49.0,35.0,50.0,87.0,77.0,34.0,62.0,60.0,30.0,39.0,57.0,37.0,100.0,33.0,37.0,50.0,53.0,24.0,90.0,59.0,66.0,94.0,37.0,30.0,61.0
2019-05-25,51.0,77.0,42.0,45.0,47.0,42.0,53.0,28.0,84.0,39.0,25.0,25.0,32.0,57.0,49.0,18.0,34.0,41.0,37.0,50.0,40.0,25.0,53.0,32.0,33.0,26.0,60.0,45.0,30.0,57.0,35.0,49.0,21.0,27.0,27.0,36.0,70.0,38.0,49.0,48.0,56.0,32.0,59.0,43.0,46.0,32.0,59.0,35.0,27.0,44.0,22.0,29.0,21.0,45.0,76.0,34.0,27.0,61.0,37.0,53.0,36.0,49.0,53.0,44.0,44.0,39.0,80.0,,104.0,26.0,,59.0,34.0,49.0,85.0,72.0,35.0,67.0,54.0,28.0,38.0,53.0,36.0,99.0,30.0,38.0,50.0,53.0,23.0,85.0,59.0,67.0,85.0,36.0,34.0,54.0
2019-06-01,51.0,76.0,42.0,46.0,47.0,43.0,52.0,30.0,84.0,40.0,27.0,26.0,31.0,52.0,49.0,19.0,33.0,41.0,36.0,51.0,40.0,25.0,55.0,32.0,34.0,27.0,61.0,44.0,29.0,56.0,34.0,49.0,20.0,27.0,27.0,36.0,68.0,41.0,45.0,50.0,56.0,30.0,57.0,42.0,44.0,32.0,62.0,37.0,27.0,41.0,22.0,30.0,22.0,45.0,77.0,37.0,28.0,62.0,39.0,49.0,35.0,43.0,46.0,40.0,43.0,40.0,75.0,,91.0,26.0,,63.0,35.0,47.0,86.0,72.0,33.0,68.0,54.0,30.0,37.0,47.0,36.0,100.0,31.0,38.0,48.0,49.0,24.0,82.0,55.0,64.0,78.0,38.0,35.0,44.0
2019-06-08,50.0,76.0,43.0,46.0,47.0,43.0,53.0,31.0,85.0,39.0,27.0,26.0,32.0,53.0,49.0,19.0,33.0,44.0,34.0,50.0,42.0,26.0,56.0,32.0,34.0,27.0,60.0,43.0,29.0,56.0,34.0,49.0,20.0,27.0,28.0,35.0,67.0,41.0,45.0,54.0,54.0,31.0,55.0,37.0,41.0,34.0,62.0,35.0,26.0,40.0,25.0,31.0,21.0,45.0,71.0,32.0,27.0,61.0,39.0,47.0,37.0,43.0,45.0,40.0,43.0,41.0,61.0,,84.0,26.0,119.0,63.0,34.0,50.0,84.0,71.0,33.0,66.0,57.0,29.0,38.0,43.0,34.0,99.0,31.0,39.0,46.0,48.0,23.0,72.0,55.0,65.0,76.0,39.0,32.0,39.0
2019-06-15,50.0,76.0,43.0,46.0,47.0,43.0,53.0,32.0,85.0,40.0,27.0,26.0,32.0,51.0,48.0,21.0,34.0,45.0,33.0,49.0,44.0,25.0,51.0,31.0,33.0,27.0,58.0,46.0,28.0,55.0,34.0,49.0,20.0,27.0,28.0,34.0,67.0,43.0,47.0,61.0,55.0,33.0,54.0,33.0,44.0,35.0,57.0,35.0,27.0,37.0,24.0,31.0,25.0,41.0,67.0,41.0,29.0,60.0,40.0,47.0,36.0,43.0,47.0,39.0,44.0,43.0,55.0,,77.0,24.0,111.0,58.0,31.0,52.0,86.0,70.0,33.0,61.0,53.0,27.0,38.0,43.0,35.0,98.0,29.0,38.0,43.0,46.0,25.0,70.0,51.0,60.0,70.0,39.0,33.0,35.0
2019-06-22,51.0,78.0,43.0,46.0,48.0,44.0,53.0,33.0,86.0,40.0,28.0,27.0,33.0,51.0,47.0,21.0,33.0,43.0,34.0,52.0,46.0,26.0,53.0,32.0,34.0,28.0,59.0,49.0,28.0,56.0,35.0,49.0,22.0,28.0,29.0,36.0,71.0,47.0,52.0,56.0,56.0,34.0,53.0,34.0,45.0,36.0,58.0,38.0,28.0,40.0,24.0,32.0,26.0,43.0,69.0,39.0,32.0,68.0,40.0,49.0,41.0,46.0,47.0,42.0,45.0,42.0,64.0,,82.0,23.0,87.0,64.0,32.0,51.0,89.0,69.0,32.0,61.0,53.0,35.0,38.0,48.0,38.0,100.0,29.0,38.0,43.0,47.0,26.0,70.0,49.0,63.0,67.0,41.0,33.0,38.0
2019-06-29,51.0,79.0,43.0,46.0,49.0,45.0,52.0,33.0,85.0,40.0,28.0,27.0,32.0,50.0,47.0,24.0,33.0,43.0,36.0,51.0,47.0,27.0,54.0,32.0,35.0,28.0,58.0,50.0,28.0,57.0,34.0,50.0,23.0,29.0,29.0,35.0,70.0,44.0,53.0,50.0,54.0,36.0,50.0,34.0,47.0,36.0,51.0,36.0,31.0,42.0,25.0,31.0,28.0,42.0,70.0,38.0,30.0,71.0,40.0,51.0,34.0,49.0,52.0,44.0,49.0,42.0,68.0,,81.0,23.0,,73.0,31.0,50.0,90.0,66.0,33.0,60.0,52.0,33.0,39.0,49.0,36.0,100.0,26.0,38.0,48.0,54.0,25.0,76.0,52.0,64.0,64.0,38.0,35.0,37.0
2019-07-06,52.0,80.0,43.0,47.0,49.0,46.0,52.0,34.0,83.0,39.0,29.0,28.0,31.0,49.0,46.0,25.0,33.0,41.0,37.0,53.0,47.0,28.0,52.0,32.0,35.0,30.0,60.0,51.0,29.0,57.0,34.0,51.0,23.0,29.0,31.0,35.0,69.0,,55.0,53.0,56.0,37.0,50.0,34.0,50.0,38.0,53.0,35.0,32.0,40.0,25.0,32.0,29.0,41.0,69.0,40.0,31.0,71.0,41.0,50.0,35.0,47.0,54.0,46.0,49.0,42.0,66.0,,86.0,24.0,144.0,70.0,33.0,47.0,89.0,64.0,35.0,59.0,49.0,33.0,40.0,47.0,43.0,101.0,26.0,36.0,50.0,56.0,27.0,86.0,52.0,61.0,60.0,37.0,38.0,32.0
2019-07-13,53.0,82.0,44.0,47.0,49.0,48.0,53.0,36.0,84.0,40.0,31.0,29.0,33.0,50.0,47.0,27.0,34.0,42.0,38.0,55.0,48.0,30.0,56.0,34.0,38.0,31.0,61.0,51.0,31.0,58.0,34.0,53.0,25.0,29.0,32.0,36.0,69.0,46.0,54.0,54.0,54.0,36.0,50.0,39.0,52.0,41.0,55.0,37.0,33.0,44.0,32.0,34.0,28.0,45.0,65.0,38.0,34.0,74.0,42.0,53.0,31.0,51.0,50.0,45.0,49.0,43.0,72.0,,83.0,26.0,,75.0,36.0,47.0,89.0,64.0,35.0,63.0,49.0,33.0,40.0,43.0,45.0,99.0,26.0,36.0,55.0,54.0,27.0,81.0,58.0,65.0,62.0,39.0,40.0,29.0
2019-07-20,53.0,82.0,43.0,48.0,50.0,48.0,53.0,38.0,83.0,40.0,31.0,31.0,34.0,49.0,47.0,28.0,36.0,44.0,38.0,51.0,47.0,31.0,54.0,34.0,38.0,31.0,61.0,51.0,29.0,57.0,34.0,53.0,24.0,30.0,34.0,35.0,68.0,40.0,50.0,52.0,53.0,34.0,52.0,39.0,52.0,39.0,55.0,37.0,32.0,42.0,34.0,35.0,29.0,43.0,64.0,42.0,32.0,71.0,42.0,51.0,30.0,50.0,52.0,44.0,49.0,44.0,67.0,,75.0,29.0,137.0,57.0,34.0,48.0,90.0,62.0,35.0,60.0,47.0,27.0,43.0,37.0,42.0,103.0,29.0,33.0,56.0,53.0,27.0,81.0,58.0,64.0,58.0,38.0,39.0,30.0
2019-07-27,53.0,81.0,43.0,49.0,50.0,49.0,54.0,39.0,83.0,41.0,32.0,32.0,34.0,49.0,46.0,27.0,37.0,45.0,39.0,50.0,50.0,32.0,50.0,34.0,37.0,32.0,62.0,51.0,30.0,57.0,35.0,53.0,24.0,30.0,36.0,36.0,71.0,46.0,49.0,49.0,53.0,35.0,54.0,38.0,53.0,39.0,58.0,38.0,30.0,41.0,35.0,36.0,27.0,43.0,64.0,40.0,35.0,72.0,41.0,45.0,35.0,54.0,55.0,43.0,46.0,43.0,79.0,,80.0,28.0,140.0,58.0,35.0,52.0,85.0,66.0,34.0,58.0,46.0,27.0,44.0,41.0,43.0,103.0,31.0,34.0,53.0,50.0,27.0,73.0,56.0,65.0,61.0,39.0,35.0,33.0
2019-08-03,55.0,84.0,44.0,51.0,51.0,49.0,56.0,39.0,93.0,43.0,34.0,32.0,36.0,51.0,46.0,28.0,39.0,48.0,40.0,49.0,51.0,32.0,54.0,35.0,39.0,32.0,60.0,51.0,30.0,58.0,36.0,56.0,25.0,31.0,37.0,37.0,74.0,44.0,48.0,50.0,52.0,36.0,54.0,40.0,54.0,38.0,60.0,40.0,32.0,45.0,36.0,36.0,26.0,45.0,67.0,55.0,36.0,77.0,42.0,48.0,35.0,57.0,57.0,44.0,46.0,45.0,89.0,,93.0,30.0,,60.0,38.0,51.0,84.0,67.0,34.0,61.0,48.0,29.0,43.0,41.0,37.0,106.0,32.0,36.0,54.0,51.0,30.0,76.0,56.0,68.0,62.0,42.0,35.0,38.0
2019-08-10,55.0,82.0,43.0,53.0,51.0,49.0,57.0,38.0,93.0,43.0,35.0,32.0,37.0,50.0,45.0,27.0,40.0,47.0,41.0,48.0,50.0,32.0,54.0,36.0,38.0,33.0,60.0,50.0,29.0,60.0,36.0,57.0,24.0,31.0,36.0,38.0,76.0,45.0,47.0,45.0,53.0,37.0,52.0,37.0,49.0,41.0,57.0,41.0,33.0,43.0,33.0,35.0,25.0,44.0,66.0,56.0,34.0,78.0,40.0,45.0,38.0,55.0,58.0,45.0,47.0,47.0,91.0,,105.0,31.0,,63.0,37.0,54.0,85.0,65.0,35.0,60.0,52.0,29.0,44.0,41.0,38.0,107.0,33.0,38.0,53.0,51.0,31.0,79.0,54.0,71.0,64.0,37.0,33.0,41.0
2019-08-17,55.0,84.0,44.0,54.0,52.0,49.0,57.0,38.0,93.0,44.0,37.0,31.0,37.0,51.0,44.0,28.0,39.0,50.0,41.0,48.0,53.0,33.0,54.0,37.0,38.0,34.0,60.0,50.0,31.0,60.0,36.0,57.0,25.0,33.0,37.0,40.0,75.0,51.0,48.0,46.0,53.0,40.0,51.0,38.0,48.0,42.0,56.0,40.0,33.0,45.0,37.0,35.0,28.0,44.0,65.0,57.0,35.0,84.0,41.0,45.0,38.0,57.0,56.0,47.0,47.0,48.0,96.0,,111.0,29.0,,88.0,39.0,54.0,81.0,67.0,37.0,60.0,51.0,29.0,43.0,44.0,35.0,105.0,32.0,40.0,52.0,47.0,36.0,76.0,57.0,76.0,62.0,45.0,30.0,41.0
2019-08-24,56.0,87.0,46.0,54.0,53.0,49.0,59.0,39.0,94.0,44.0,36.0,32.0,38.0,52.0,43.0,29.0,40.0,50.0,42.0,49.0,51.0,34.0,54.0,38.0,38.0,34.0,61.0,48.0,30.0,60.0,36.0,56.0,24.0,33.0,37.0,43.0,76.0,47.0,50.0,58.0,54.0,41.0,53.0,37.0,50.0,45.0,58.0,40.0,33.0,47.0,37.0,38.0,30.0,44.0,65.0,54.0,34.0,84.0,43.0,51.0,33.0,56.0,53.0,47.0,45.0,51.0,81.0,,111.0,30.0,,79.0,38.0,53.0,85.0,65.0,38.0,62.0,56.0,32.0,43.0,43.0,36.0,103.0,32.0,40.0,52.0,47.0,36.0,86.0,60.0,81.0,58.0,47.0,30.0,41.0
2019-08-31,57.0,87.0,47.0,55.0,54.0,51.0,59.0,40.0,85.0,46.0,37.0,32.0,40.0,52.0,43.0,31.0,40.0,50.0,43.0,50.0,52.0,35.0,55.0,40.0,39.0,35.0,63.0,50.0,32.0,58.0,38.0,53.0,25.0,34.0,39.0,43.0,77.0,53.0,53.0,52.0,54.0,41.0,54.0,37.0,50.0,45.0,58.0,39.0,32.0,46.0,41.0,40.0,34.0,42.0,61.0,44.0,35.0,83.0,41.0,54.0,35.0,53.0,51.0,46.0,48.0,48.0,80.0,,98.0,31.0,114.0,93.0,37.0,58.0,87.0,67.0,36.0,64.0,56.0,35.0,41.0,42.0,38.0,102.0,34.0,40.0,52.0,46.0,34.0,87.0,61.0,78.0,62.0,43.0,33.0,41.0
2019-09-07,58.0,91.0,48.0,58.0,57.0,53.0,60.0,41.0,86.0,47.0,39.0,33.0,41.0,52.0,43.0,31.0,40.0,51.0,42.0,51.0,54.0,36.0,56.0,41.0,40.0,35.0,63.0,51.0,32.0,57.0,38.0,54.0,25.0,34.0,40.0,43.0,77.0,55.0,58.0,56.0,54.0,43.0,54.0,39.0,52.0,41.0,63.0,38.0,32.0,47.0,39.0,41.0,38.0,40.0,65.0,41.0,37.0,84.0,44.0,56.0,41.0,54.0,48.0,45.0,48.0,47.0,78.0,,92.0,31.0,,98.0,37.0,57.0,81.0,68.0,35.0,64.0,55.0,43.0,42.0,50.0,40.0,101.0,35.0,38.0,61.0,47.0,33.0,85.0,61.0,77.0,61.0,43.0,35.0,43.0
2019-09-14,58.0,93.0,49.0,59.0,57.0,54.0,61.0,41.0,86.0,47.0,38.0,33.0,43.0,51.0,43.0,32.0,41.0,48.0,43.0,50.0,53.0,37.0,57.0,43.0,39.0,35.0,65.0,55.0,32.0,58.0,40.0,55.0,26.0,32.0,41.0,44.0,80.0,58.0,59.0,55.0,54.0,43.0,56.0,40.0,53.0,44.0,64.0,38.0,34.0,49.0,34.0,41.0,36.0,40.0,67.0,44.0,39.0,82.0,45.0,57.0,38.0,55.0,51.0,46.0,52.0,48.0,73.0,,92.0,35.0,,74.0,36.0,57.0,80.0,65.0,35.0,68.0,56.0,45.0,39.0,48.0,44.0,100.0,36.0,40.0,64.0,48.0,27.0,90.0,60.0,69.0,62.0,34.0,39.0,47.0
2019-09-21,58.0,94.0,48.0,60.0,57.0,54.0,61.0,40.0,87.0,48.0,38.0,31.0,44.0,52.0,43.0,31.0,42.0,46.0,42.0,51.0,55.0,37.0,56.0,43.0,42.0,36.0,66.0,59.0,33.0,59.0,40.0,56.0,29.0,32.0,43.0,44.0,79.0,62.0,60.0,45.0,55.0,44.0,55.0,43.0,54.0,42.0,65.0,42.0,35.0,48.0,30.0,39.0,40.0,39.0,63.0,46.0,36.0,79.0,43.0,56.0,40.0,54.0,52.0,45.0,54.0,48.0,81.0,,98.0,36.0,146.0,89.0,38.0,57.0,78.0,68.0,35.0,69.0,55.0,42.0,41.0,46.0,41.0,98.0,39.0,38.0,64.0,49.0,29.0,89.0,57.0,66.0,62.0,34.0,39.0,48.0
2019-09-28,58.0,93.0,48.0,60.0,58.0,53.0,63.0,40.0,87.0,47.0,36.0,31.0,44.0,51.0,42.0,30.0,43.0,47.0,41.0,51.0,54.0,37.0,53.0,44.0,42.0,37.0,66.0,56.0,34.0,60.0,40.0,58.0,30.0,31.0,42.0,47.0,76.0,57.0,56.0,47.0,57.0,45.0,55.0,44.0,58.0,43.0,64.0,42.0,34.0,50.0,29.0,39.0,40.0,41.0,65.0,43.0,36.0,83.0,43.0,57.0,37.0,60.0,56.0,48.0,53.0,52.0,82.0,,98.0,36.0,,,38.0,57.0,75.0,74.0,35.0,65.0,57.0,43.0,41.0,44.0,39.0,99.0,40.0,39.0,66.0,53.0,33.0,86.0,57.0,66.0,63.0,36.0,41.0,50.0
2019-10-05,59.0,91.0,48.0,60.0,58.0,52.0,64.0,39.0,87.0,47.0,34.0,30.0,45.0,51.0,42.0,30.0,43.0,48.0,43.0,54.0,54.0,37.0,54.0,44.0,43.0,37.0,66.0,59.0,37.0,61.0,40.0,58.0,30.0,33.0,42.0,48.0,81.0,61.0,53.0,49.0,57.0,44.0,56.0,43.0,63.0,44.0,64.0,42.0,34.0,50.0,29.0,40.0,38.0,42.0,64.0,44.0,35.0,83.0,43.0,59.0,34.0,59.0,64.0,53.0,54.0,54.0,86.0,,94.0,36.0,116.0,73.0,38.0,58.0,78.0,73.0,35.0,69.0,58.0,43.0,41.0,43.0,36.0,99.0,40.0,41.0,59.0,58.0,33.0,86.0,59.0,66.0,60.0,37.0,41.0,51.0
2019-10-12,59.0,90.0,48.0,61.0,58.0,51.0,64.0,39.0,86.0,46.0,34.0,30.0,45.0,52.0,42.0,31.0,44.0,48.0,43.0,53.0,56.0,37.0,56.0,44.0,44.0,39.0,67.0,55.0,38.0,61.0,39.0,57.0,30.0,34.0,41.0,46.0,78.0,57.0,53.0,58.0,57.0,45.0,57.0,42.0,62.0,42.0,60.0,41.0,34.0,49.0,30.0,42.0,40.0,40.0,62.0,41.0,35.0,80.0,41.0,58.0,39.0,60.0,64.0,48.0,51.0,51.0,87.0,,90.0,35.0,,89.0,40.0,59.0,76.0,73.0,35.0,73.0,60.0,47.0,42.0,46.0,37.0,97.0,40.0,44.0,61.0,60.0,39.0,77.0,62.0,68.0,58.0,37.0,38.0,53.0
2019-10-19,60.0,87.0,49.0,62.0,59.0,51.0,64.0,39.0,86.0,47.0,37.0,31.0,47.0,52.0,41.0,31.0,46.0,49.0,43.0,52.0,56.0,37.0,58.0,46.0,42.0,39.0,67.0,54.0,39.0,61.0,41.0,58.0,30.0,34.0,40.0,46.0,84.0,61.0,53.0,59.0,55.0,44.0,57.0,42.0,62.0,45.0,56.0,39.0,35.0,52.0,34.0,44.0,38.0,40.0,65.0,42.0,40.0,84.0,42.0,65.0,48.0,63.0,60.0,50.0,52.0,50.0,88.0,,86.0,37.0,99.0,82.0,44.0,61.0,75.0,71.0,35.0,69.0,54.0,53.0,43.0,50.0,40.0,97.0,40.0,49.0,63.0,62.0,38.0,73.0,64.0,65.0,63.0,39.0,38.0,57.0
2019-10-26,60.0,87.0,48.0,63.0,58.0,50.0,64.0,38.0,84.0,48.0,38.0,33.0,48.0,52.0,41.0,32.0,48.0,50.0,44.0,52.0,56.0,38.0,62.0,47.0,42.0,40.0,69.0,56.0,39.0,60.0,41.0,60.0,30.0,35.0,38.0,44.0,84.0,64.0,53.0,59.0,55.0,44.0,59.0,41.0,61.0,44.0,55.0,41.0,37.0,51.0,35.0,45.0,38.0,38.0,67.0,42.0,43.0,87.0,43.0,65.0,50.0,61.0,57.0,48.0,53.0,51.0,95.0,,84.0,37.0,,,48.0,63.0,74.0,73.0,39.0,70.0,57.0,51.0,43.0,51.0,41.0,89.0,39.0,49.0,65.0,59.0,36.0,71.0,69.0,66.0,62.0,41.0,34.0,56.0
2019-11-02,60.0,90.0,48.0,64.0,59.0,51.0,64.0,40.0,84.0,49.0,39.0,34.0,48.0,54.0,42.0,34.0,50.0,49.0,45.0,49.0,56.0,40.0,64.0,50.0,41.0,40.0,71.0,52.0,38.0,64.0,42.0,60.0,33.0,36.0,37.0,44.0,81.0,64.0,54.0,56.0,56.0,43.0,61.0,44.0,58.0,47.0,56.0,42.0,37.0,53.0,34.0,47.0,40.0,37.0,66.0,45.0,44.0,92.0,42.0,64.0,49.0,60.0,56.0,47.0,55.0,50.0,97.0,,87.0,38.0,115.0,,49.0,65.0,73.0,82.0,39.0,69.0,60.0,47.0,45.0,50.0,45.0,88.0,46.0,52.0,68.0,58.0,37.0,70.0,72.0,66.0,68.0,45.0,38.0,56.0
2019-11-09,61.0,89.0,50.0,67.0,60.0,53.0,65.0,41.0,85.0,51.0,41.0,35.0,49.0,55.0,41.0,35.0,51.0,50.0,47.0,50.0,55.0,41.0,66.0,49.0,40.0,40.0,70.0,51.0,38.0,66.0,44.0,61.0,33.0,37.0,37.0,45.0,86.0,66.0,54.0,46.0,57.0,42.0,60.0,44.0,60.0,46.0,62.0,44.0,37.0,53.0,38.0,46.0,40.0,39.0,65.0,48.0,45.0,95.0,44.0,70.0,49.0,61.0,58.0,48.0,57.0,52.0,104.0,,91.0,37.0,116.0,103.0,49.0,63.0,75.0,88.0,39.0,69.0,62.0,42.0,47.0,46.0,47.0,83.0,45.0,52.0,70.0,56.0,36.0,71.0,75.0,70.0,70.0,49.0,46.0,54.0
2019-11-16,62.0,92.0,50.0,68.0,62.0,54.0,66.0,43.0,85.0,52.0,42.0,36.0,50.0,56.0,42.0,37.0,52.0,49.0,50.0,52.0,57.0,41.0,65.0,51.0,42.0,41.0,74.0,51.0,38.0,68.0,43.0,61.0,35.0,40.0,39.0,46.0,85.0,67.0,55.0,54.0,58.0,42.0,62.0,47.0,62.0,47.0,69.0,45.0,39.0,52.0,40.0,45.0,38.0,40.0,64.0,48.0,45.0,94.0,45.0,65.0,47.0,63.0,63.0,48.0,58.0,54.0,100.0,,85.0,35.0,,,43.0,64.0,72.0,95.0,40.0,71.0,66.0,39.0,50.0,47.0,49.0,82.0,45.0,47.0,74.0,55.0,34.0,74.0,78.0,75.0,69.0,46.0,52.0,53.0
2019-11-23,64.0,95.0,51.0,70.0,63.0,57.0,68.0,47.0,88.0,53.0,43.0,36.0,52.0,57.0,42.0,38.0,54.0,49.0,51.0,54.0,57.0,43.0,66.0,51.0,42.0,42.0,76.0,50.0,38.0,70.0,44.0,61.0,38.0,41.0,43.0,48.0,87.0,65.0,57.0,55.0,56.0,43.0,61.0,50.0,62.0,53.0,71.0,47.0,38.0,53.0,42.0,46.0,41.0,39.0,63.0,53.0,44.0,92.0,46.0,66.0,50.0,64.0,70.0,49.0,57.0,49.0,95.0,,84.0,36.0,,83.0,39.0,62.0,75.0,86.0,37.0,76.0,63.0,39.0,53.0,50.0,52.0,84.0,47.0,50.0,76.0,54.0,36.0,71.0,78.0,81.0,66.0,45.0,55.0,54.0
2019-11-30,65.0,96.0,52.0,72.0,63.0,57.0,69.0,49.0,91.0,54.0,46.0,38.0,55.0,56.0,43.0,39.0,55.0,51.0,51.0,55.0,57.0,42.0,66.0,48.0,44.0,44.0,76.0,50.0,40.0,70.0,47.0,60.0,36.0,43.0,47.0,50.0,97.0,65.0,59.0,67.0,57.0,46.0,64.0,52.0,66.0,53.0,66.0,48.0,39.0,55.0,45.0,48.0,40.0,39.0,64.0,53.0,45.0,92.0,49.0,67.0,47.0,62.0,77.0,50.0,57.0,50.0,91.0,,84.0,37.0,,,39.0,64.0,74.0,,39.0,78.0,62.0,42.0,54.0,48.0,51.0,82.0,47.0,63.0,81.0,53.0,36.0,72.0,76.0,82.0,61.0,46.0,51.0,51.0
2019-12-07,67.0,99.0,53.0,74.0,65.0,59.0,72.0,51.0,92.0,57.0,49.0,42.0,59.0,56.0,46.0,41.0,57.0,54.0,53.0,55.0,58.0,44.0,67.0,52.0,47.0,45.0,80.0,51.0,42.0,72.0,48.0,61.0,38.0,44.0,51.0,53.0,107.0,66.0,59.0,73.0,59.0,55.0,66.0,56.0,67.0,59.0,69.0,53.0,40.0,59.0,46.0,53.0,42.0,41.0,68.0,49.0,46.0,101.0,52.0,67.0,63.0,64.0,68.0,54.0,61.0,51.0,94.0,,81.0,40.0,,92.0,41.0,67.0,73.0,89.0,44.0,72.0,66.0,43.0,55.0,55.0,53.0,86.0,48.0,67.0,84.0,60.0,42.0,78.0,76.0,80.0,64.0,44.0,51.0,53.0
2019-12-14,69.0,101.0,54.0,78.0,66.0,62.0,75.0,52.0,94.0,57.0,52.0,43.0,61.0,58.0,47.0,42.0,59.0,58.0,53.0,55.0,60.0,45.0,69.0,55.0,46.0,48.0,80.0,52.0,42.0,74.0,51.0,63.0,40.0,46.0,50.0,55.0,117.0,66.0,63.0,70.0,60.0,56.0,67.0,56.0,71.0,64.0,71.0,56.0,39.0,60.0,45.0,55.0,47.0,39.0,71.0,52.0,46.0,109.0,53.0,73.0,61.0,63.0,70.0,58.0,62.0,53.0,99.0,,88.0,44.0,,110.0,45.0,68.0,74.0,103.0,42.0,76.0,75.0,45.0,55.0,50.0,57.0,85.0,47.0,70.0,87.0,60.0,49.0,75.0,76.0,75.0,63.0,42.0,45.0,54.0
2019-12-21,71.0,102.0,55.0,81.0,67.0,63.0,77.0,53.0,95.0,58.0,55.0,46.0,63.0,58.0,50.0,42.0,62.0,58.0,56.0,54.0,62.0,47.0,74.0,62.0,48.0,46.0,80.0,55.0,43.0,76.0,53.0,63.0,40.0,48.0,49.0,56.0,113.0,71.0,66.0,68.0,62.0,55.0,71.0,56.0,77.0,61.0,74.0,59.0,42.0,62.0,45.0,56.0,45.0,42.0,77.0,47.0,47.0,114.0,53.0,79.0,59.0,72.0,67.0,58.0,65.0,55.0,94.0,,91.0,47.0,,111.0,49.0,69.0,74.0,108.0,45.0,77.0,79.0,45.0,58.0,49.0,58.0,83.0,48.0,73.0,87.0,63.0,48.0,80.0,84.0,73.0,69.0,42.0,49.0,56.0
2019-12-28,73.0,103.0,56.0,85.0,67.0,67.0,77.0,55.0,96.0,61.0,58.0,48.0,66.0,60.0,50.0,44.0,63.0,57.0,60.0,56.0,64.0,49.0,76.0,69.0,48.0,49.0,80.0,57.0,45.0,78.0,59.0,65.0,44.0,52.0,54.0,55.0,119.0,74.0,69.0,64.0,62.0,56.0,74.0,57.0,79.0,64.0,85.0,64.0,44.0,60.0,42.0,59.0,50.0,44.0,78.0,49.0,47.0,122.0,53.0,90.0,,80.0,67.0,58.0,67.0,55.0,100.0,,97.0,50.0,,87.0,55.0,70.0,77.0,,46.0,79.0,82.0,46.0,59.0,57.0,69.0,87.0,48.0,59.0,93.0,62.0,49.0,78.0,88.0,75.0,70.0,46.0,54.0,60.0
2020-01-04,75.0,106.0,58.0,88.0,68.0,70.0,78.0,58.0,96.0,63.0,64.0,49.0,67.0,63.0,51.0,44.0,67.0,64.0,63.0,58.0,67.0,50.0,80.0,74.0,51.0,51.0,80.0,61.0,47.0,75.0,62.0,64.0,45.0,54.0,57.0,56.0,114.0,78.0,72.0,66.0,63.0,49.0,71.0,61.0,86.0,61.0,81.0,66.0,47.0,62.0,43.0,63.0,57.0,45.0,80.0,62.0,53.0,125.0,52.0,95.0,66.0,83.0,77.0,60.0,69.0,56.0,95.0,,102.0,52.0,,74.0,60.0,69.0,77.0,106.0,48.0,83.0,81.0,44.0,62.0,58.0,67.0,89.0,54.0,56.0,95.0,60.0,45.0,73.0,96.0,80.0,70.0,49.0,50.0,69.0
2020-01-11,77.0,107.0,60.0,90.0,68.0,73.0,79.0,60.0,97.0,65.0,65.0,53.0,68.0,65.0,51.0,45.0,68.0,63.0,65.0,60.0,68.0,52.0,83.0,70.0,54.0,51.0,81.0,63.0,50.0,76.0,65.0,63.0,46.0,56.0,62.0,55.0,98.0,76.0,73.0,78.0,64.0,51.0,74.0,63.0,86.0,58.0,81.0,66.0,49.0,61.0,40.0,66.0,57.0,48.0,79.0,61.0,54.0,123.0,54.0,99.0,68.0,85.0,88.0,64.0,69.0,56.0,94.0,,101.0,53.0,,66.0,64.0,73.0,79.0,,52.0,85.0,78.0,44.0,62.0,60.0,69.0,93.0,55.0,65.0,95.0,65.0,45.0,74.0,102.0,93.0,71.0,52.0,49.0,71.0
2020-01-18,77.0,110.0,61.0,91.0,69.0,75.0,79.0,61.0,95.0,65.0,65.0,52.0,71.0,65.0,50.0,44.0,67.0,63.0,65.0,59.0,74.0,50.0,79.0,69.0,54.0,52.0,83.0,62.0,52.0,74.0,65.0,63.0,48.0,57.0,60.0,55.0,98.0,76.0,75.0,95.0,65.0,54.0,72.0,68.0,86.0,58.0,85.0,64.0,49.0,62.0,40.0,66.0,62.0,49.0,74.0,67.0,55.0,121.0,56.0,94.0,71.0,79.0,89.0,68.0,67.0,59.0,111.0,,106.0,49.0,94.0,59.0,63.0,73.0,78.0,73.0,54.0,85.0,81.0,46.0,64.0,61.0,74.0,98.0,62.0,64.0,98.0,65.0,44.0,72.0,96.0,94.0,69.0,57.0,44.0,71.0
2020-01-25,75.0,111.0,58.0,89.0,70.0,73.0,79.0,58.0,91.0,64.0,62.0,48.0,70.0,65.0,48.0,41.0,66.0,62.0,62.0,57.0,73.0,48.0,78.0,63.0,54.0,48.0,84.0,62.0,50.0,71.0,63.0,63.0,47.0,55.0,51.0,57.0,83.0,69.0,75.0,89.0,66.0,53.0,71.0,68.0,81.0,56.0,87.0,63.0,46.0,64.0,40.0,61.0,63.0,48.0,72.0,65.0,58.0,116.0,54.0,88.0,65.0,79.0,87.0,68.0,67.0,59.0,117.0,,101.0,45.0,,71.0,58.0,75.0,75.0,65.0,54.0,80.0,74.0,44.0,62.0,59.0,68.0,96.0,55.0,69.0,92.0,65.0,46.0,77.0,99.0,95.0,72.0,56.0,39.0,68.0
2020-02-01,72.0,108.0,54.0,85.0,69.0,69.0,77.0,52.0,89.0,61.0,56.0,42.0,69.0,63.0,45.0,37.0,64.0,56.0,60.0,54.0,73.0,44.0,76.0,56.0,52.0,44.0,85.0,58.0,47.0,73.0,61.0,63.0,46.0,54.0,45.0,55.0,88.0,65.0,73.0,80.0,63.0,51.0,71.0,65.0,81.0,54.0,90.0,63.0,43.0,57.0,39.0,56.0,62.0,46.0,72.0,52.0,55.0,108.0,54.0,84.0,64.0,75.0,89.0,63.0,62.0,55.0,113.0,,101.0,45.0,113.0,74.0,54.0,75.0,75.0,62.0,52.0,75.0,77.0,48.0,55.0,55.0,67.0,96.0,48.0,74.0,90.0,62.0,49.0,73.0,97.0,93.0,74.0,54.0,44.0,59.0
2020-02-08,70.0,107.0,49.0,81.0,68.0,63.0,75.0,49.0,89.0,60.0,51.0,34.0,68.0,60.0,44.0,32.0,60.0,53.0,59.0,51.0,70.0,40.0,76.0,55.0,47.0,40.0,84.0,55.0,45.0,72.0,58.0,63.0,43.0,53.0,38.0,51.0,100.0,62.0,68.0,75.0,60.0,48.0,69.0,65.0,79.0,52.0,89.0,62.0,39.0,60.0,41.0,53.0,62.0,44.0,71.0,49.0,56.0,106.0,52.0,79.0,68.0,76.0,82.0,57.0,65.0,55.0,124.0,,101.0,43.0,119.0,68.0,51.0,73.0,70.0,70.0,48.0,72.0,78.0,44.0,53.0,59.0,66.0,95.0,46.0,67.0,90.0,58.0,47.0,71.0,93.0,87.0,73.0,59.0,51.0,56.0
2020-02-15,68.0,103.0,46.0,77.0,65.0,59.0,70.0,44.0,91.0,59.0,46.0,29.0,64.0,59.0,43.0,27.0,57.0,50.0,57.0,50.0,65.0,37.0,75.0,49.0,45.0,37.0,81.0,53.0,44.0,74.0,58.0,61.0,41.0,49.0,34.0,50.0,122.0,59.0,64.0,64.0,58.0,48.0,69.0,59.0,78.0,53.0,85.0,61.0,36.0,57.0,38.0,49.0,61.0,42.0,70.0,48.0,55.0,99.0,48.0,83.0,67.0,73.0,87.0,53.0,65.0,49.0,127.0,,93.0,42.0,,67.0,51.0,70.0,68.0,80.0,44.0,68.0,82.0,45.0,46.0,62.0,58.0,93.0,38.0,64.0,84.0,56.0,51.0,69.0,96.0,87.0,72.0,58.0,49.0,52.0
2020-02-22,67.0,101.0,43.0,73.0,64.0,56.0,68.0,42.0,92.0,58.0,42.0,26.0,62.0,58.0,42.0,24.0,54.0,46.0,57.0,51.0,62.0,34.0,74.0,44.0,42.0,36.0,80.0,51.0,42.0,74.0,57.0,57.0,38.0,48.0,32.0,45.0,121.0,60.0,63.0,76.0,56.0,49.0,66.0,59.0,80.0,51.0,78.0,61.0,36.0,53.0,37.0,47.0,56.0,40.0,69.0,48.0,52.0,91.0,49.0,78.0,65.0,70.0,83.0,51.0,62.0,46.0,116.0,,94.0,42.0,77.0,61.0,48.0,66.0,67.0,83.0,39.0,67.0,86.0,48.0,46.0,59.0,54.0,92.0,41.0,60.0,83.0,56.0,48.0,65.0,92.0,80.0,71.0,53.0,51.0,51.0
2020-02-29,65.0,99.0,42.0,69.0,62.0,54.0,65.0,39.0,91.0,57.0,38.0,25.0,59.0,55.0,42.0,22.0,52.0,39.0,55.0,50.0,59.0,32.0,72.0,41.0,39.0,34.0,79.0,48.0,40.0,72.0,55.0,54.0,35.0,46.0,27.0,41.0,108.0,60.0,64.0,95.0,58.0,47.0,62.0,58.0,76.0,49.0,76.0,56.0,33.0,55.0,38.0,43.0,50.0,39.0,65.0,54.0,49.0,84.0,42.0,74.0,59.0,69.0,82.0,50.0,60.0,44.0,114.0,,93.0,37.0,85.0,54.0,48.0,67.0,66.0,89.0,34.0,71.0,81.0,53.0,47.0,63.0,53.0,88.0,37.0,55.0,78.0,54.0,44.0,67.0,89.0,78.0,70.0,57.0,42.0,52.0
2020-03-07,62.0,95.0,41.0,65.0,59.0,52.0,64.0,36.0,89.0,54.0,34.0,25.0,55.0,54.0,40.0,20.0,51.0,37.0,51.0,49.0,56.0,29.0,69.0,37.0,40.0,31.0,78.0,47.0,39.0,70.0,52.0,51.0,31.0,44.0,25.0,39.0,104.0,54.0,65.0,94.0,57.0,45.0,62.0,52.0,74.0,44.0,76.0,55.0,32.0,52.0,33.0,39.0,45.0,38.0,64.0,53.0,43.0,77.0,40.0,72.0,51.0,60.0,77.0,50.0,55.0,40.0,99.0,,93.0,34.0,93.0,65.0,45.0,64.0,66.0,87.0,34.0,72.0,80.0,55.0,46.0,63.0,48.0,87.0,36.0,59.0,72.0,52.0,39.0,62.0,89.0,73.0,68.0,55.0,35.0,47.0
2020-03-14,59.0,90.0,39.0,62.0,58.0,49.0,62.0,32.0,86.0,52.0,31.0,23.0,52.0,53.0,39.0,19.0,47.0,35.0,46.0,47.0,52.0,26.0,65.0,34.0,36.0,30.0,76.0,46.0,35.0,63.0,47.0,47.0,28.0,42.0,24.0,35.0,87.0,58.0,61.0,87.0,54.0,44.0,60.0,50.0,62.0,37.0,72.0,54.0,30.0,47.0,32.0,40.0,38.0,37.0,64.0,47.0,39.0,75.0,38.0,64.0,43.0,53.0,69.0,47.0,54.0,39.0,73.0,,94.0,32.0,102.0,73.0,41.0,62.0,65.0,76.0,30.0,67.0,74.0,53.0,46.0,56.0,45.0,87.0,32.0,54.0,69.0,52.0,33.0,58.0,84.0,71.0,65.0,47.0,32.0,45.0
2020-03-21,56.0,84.0,37.0,59.0,56.0,45.0,59.0,27.0,84.0,49.0,27.0,21.0,48.0,49.0,37.0,16.0,44.0,34.0,42.0,44.0,50.0,23.0,62.0,32.0,34.0,26.0,71.0,43.0,32.0,58.0,43.0,43.0,25.0,37.0,22.0,31.0,98.0,61.0,57.0,69.0,52.0,41.0,57.0,42.0,59.0,33.0,67.0,48.0,28.0,46.0,28.0,40.0,37.0,37.0,64.0,42.0,32.0,76.0,35.0,61.0,41.0,49.0,66.0,44.0,51.0,35.0,82.0,,93.0,30.0,96.0,76.0,40.0,58.0,66.0,,28.0,64.0,70.0,47.0,44.0,53.0,43.0,87.0,25.0,57.0,62.0,52.0,26.0,59.0,81.0,67.0,69.0,47.0,24.0,45.0
2020-03-28,54.0,92.0,34.0,55.0,53.0,40.0,57.0,24.0,82.0,44.0,24.0,19.0,44.0,46.0,35.0,13.0,39.0,35.0,38.0,42.0,47.0,20.0,62.0,30.0,31.0,24.0,66.0,40.0,27.0,55.0,40.0,41.0,22.0,32.0,20.0,28.0,107.0,58.0,56.0,57.0,47.0,44.0,58.0,36.0,51.0,28.0,63.0,45.0,24.0,42.0,19.0,37.0,34.0,32.0,62.0,31.0,29.0,74.0,33.0,65.0,39.0,47.0,79.0,42.0,47.0,38.0,78.0,,90.0,29.0,92.0,,36.0,54.0,60.0,64.0,27.0,56.0,73.0,37.0,42.0,45.0,37.0,83.0,21.0,55.0,60.0,49.0,23.0,61.0,75.0,65.0,62.0,40.0,22.0,37.0
2020-04-04,52.0,91.0,32.0,53.0,52.0,43.0,54.0,22.0,80.0,42.0,24.0,21.0,46.0,44.0,34.0,12.0,34.0,31.0,35.0,39.0,43.0,19.0,60.0,32.0,28.0,22.0,62.0,37.0,24.0,55.0,38.0,38.0,20.0,29.0,18.0,26.0,109.0,68.0,50.0,52.0,46.0,41.0,55.0,35.0,49.0,27.0,59.0,42.0,21.0,35.0,17.0,41.0,40.0,31.0,58.0,36.0,29.0,77.0,28.0,69.0,41.0,44.0,78.0,36.0,44.0,35.0,78.0,,81.0,28.0,91.0,,39.0,52.0,59.0,61.0,25.0,48.0,71.0,43.0,42.0,39.0,36.0,80.0,19.0,48.0,56.0,52.0,22.0,63.0,70.0,62.0,60.0,41.0,20.0,36.0
2020-04-11,52.0,92.0,30.0,53.0,51.0,44.0,55.0,22.0,78.0,41.0,24.0,25.0,48.0,41.0,32.0,11.0,34.0,32.0,36.0,38.0,42.0,18.0,61.0,30.0,27.0,19.0,61.0,33.0,24.0,56.0,37.0,38.0,20.0,27.0,19.0,25.0,117.0,62.0,52.0,54.0,46.0,36.0,50.0,33.0,47.0,26.0,58.0,42.0,20.0,34.0,16.0,42.0,42.0,30.0,56.0,34.0,26.0,76.0,27.0,79.0,46.0,43.0,74.0,33.0,40.0,39.0,79.0,,81.0,28.0,95.0,70.0,44.0,52.0,57.0,71.0,27.0,49.0,71.0,35.0,36.0,36.0,34.0,77.0,18.0,47.0,56.0,49.0,22.0,64.0,72.0,61.0,59.0,47.0,20.0,35.0
2020-04-18,52.0,93.0,32.0,54.0,49.0,46.0,55.0,23.0,77.0,39.0,26.0,26.0,51.0,42.0,32.0,12.0,33.0,35.0,35.0,37.0,41.0,20.0,64.0,30.0,27.0,20.0,61.0,33.0,24.0,55.0,39.0,38.0,21.0,28.0,22.0,27.0,119.0,58.0,51.0,59.0,47.0,29.0,51.0,34.0,47.0,26.0,59.0,44.0,19.0,31.0,19.0,48.0,40.0,31.0,54.0,34.0,32.0,71.0,25.0,78.0,44.0,47.0,78.0,34.0,41.0,41.0,,,81.0,29.0,100.0,68.0,52.0,51.0,58.0,67.0,28.0,49.0,76.0,33.0,37.0,36.0,33.0,77.0,18.0,38.0,51.0,46.0,23.0,64.0,70.0,68.0,48.0,47.0,21.0,32.0
2020-04-25,52.0,83.0,34.0,55.0,50.0,48.0,54.0,25.0,78.0,39.0,26.0,27.0,54.0,42.0,32.0,14.0,34.0,35.0,35.0,38.0,42.0,23.0,67.0,29.0,28.0,21.0,62.0,37.0,26.0,59.0,37.0,39.0,23.0,29.0,25.0,29.0,122.0,56.0,51.0,49.0,47.0,23.0,50.0,36.0,48.0,26.0,61.0,49.0,23.0,35.0,24.0,51.0,38.0,36.0,56.0,36.0,33.0,79.0,27.0,76.0,42.0,42.0,59.0,36.0,43.0,37.0,91.0,,79.0,27.0,108.0,72.0,57.0,54.0,66.0,69.0,27.0,56.0,69.0,45.0,40.0,36.0,36.0,81.0,20.0,41.0,53.0,49.0,23.0,61.0,70.0,70.0,52.0,45.0,25.0,35.0
2020-05-02,53.0,86.0,34.0,56.0,49.0,46.0,56.0,27.0,78.0,41.0,26.0,25.0,54.0,44.0,33.0,15.0,34.0,36.0,36.0,40.0,43.0,24.0,70.0,26.0,29.0,23.0,62.0,40.0,26.0,57.0,38.0,40.0,25.0,30.0,29.0,31.0,111.0,49.0,53.0,44.0,47.0,25.0,50.0,38.0,47.0,28.0,64.0,52.0,25.0,37.0,25.0,50.0,35.0,37.0,58.0,34.0,32.0,81.0,29.0,69.0,34.0,46.0,56.0,39.0,44.0,37.0,97.0,,82.0,27.0,112.0,85.0,54.0,53.0,67.0,66.0,28.0,58.0,76.0,40.0,48.0,39.0,34.0,84.0,21.0,40.0,56.0,50.0,23.0,63.0,69.0,72.0,56.0,40.0,27.0,35.0
2020-05-09,53.0,88.0,36.0,55.0,49.0,47.0,55.0,29.0,78.0,42.0,26.0,23.0,53.0,45.0,33.0,15.0,33.0,36.0,36.0,41.0,43.0,26.0,71.0,28.0,31.0,26.0,62.0,44.0,26.0,55.0,38.0,41.0,25.0,30.0,27.0,32.0,101.0,48.0,50.0,38.0,47.0,28.0,52.0,40.0,52.0,30.0,65.0,52.0,25.0,38.0,26.0,48.0,36.0,38.0,57.0,43.0,31.0,87.0,30.0,60.0,32.0,55.0,52.0,39.0,44.0,35.0,95.0,,84.0,27.0,111.0,82.0,49.0,53.0,73.0,52.0,25.0,60.0,75.0,43.0,54.0,39.0,37.0,88.0,23.0,42.0,56.0,49.0,23.0,66.0,67.0,67.0,53.0,33.0,28.0,33.0
2020-05-16,53.0,89.0,35.0,54.0,51.0,47.0,55.0,30.0,79.0,44.0,26.0,25.0,48.0,45.0,34.0,16.0,34.0,35.0,38.0,42.0,44.0,26.0,73.0,28.0,32.0,27.0,61.0,45.0,28.0,55.0,36.0,44.0,25.0,30.0,28.0,33.0,89.0,51.0,50.0,48.0,47.0,32.0,53.0,42.0,50.0,31.0,65.0,51.0,27.0,42.0,26.0,41.0,35.0,37.0,58.0,45.0,27.0,95.0,31.0,62.0,30.0,53.0,53.0,40.0,46.0,36.0,80.0,,83.0,26.0,112.0,72.0,42.0,52.0,76.0,46.0,26.0,62.0,74.0,45.0,52.0,36.0,37.0,89.0,22.0,49.0,60.0,53.0,23.0,60.0,67.0,61.0,56.0,36.0,29.0,35.0
2020-05-23,53.0,87.0,34.0,54.0,50.0,45.0,55.0,30.0,80.0,45.0,27.0,25.0,45.0,46.0,35.0,17.0,32.0,33.0,38.0,43.0,42.0,26.0,67.0,30.0,34.0,29.0,60.0,42.0,29.0,51.0,40.0,44.0,23.0,30.0,28.0,33.0,82.0,51.0,45.0,52.0,49.0,34.0,52.0,40.0,49.0,33.0,63.0,47.0,27.0,40.0,23.0,40.0,36.0,39.0,55.0,46.0,27.0,89.0,31.0,55.0,32.0,54.0,61.0,44.0,45.0,38.0,78.0,,84.0,28.0,104.0,67.0,37.0,51.0,72.0,40.0,28.0,58.0,70.0,35.0,54.0,38.0,35.0,90.0,23.0,44.0,54.0,53.0,21.0,61.0,68.0,57.0,56.0,42.0,26.0,32.0
2020-05-30,53.0,84.0,34.0,53.0,50.0,42.0,55.0,30.0,81.0,46.0,29.0,25.0,41.0,47.0,36.0,17.0,33.0,37.0,39.0,45.0,42.0,26.0,65.0,31.0,35.0,29.0,60.0,42.0,29.0,50.0,39.0,45.0,21.0,30.0,30.0,32.0,96.0,54.0,47.0,50.0,50.0,32.0,51.0,40.0,48.0,34.0,60.0,43.0,27.0,38.0,22.0,37.0,30.0,38.0,53.0,45.0,28.0,83.0,30.0,53.0,40.0,53.0,69.0,44.0,48.0,40.0,70.0,,86.0,29.0,107.0,68.0,35.0,48.0,75.0,36.0,29.0,66.0,57.0,43.0,49.0,35.0,35.0,89.0,25.0,41.0,52.0,45.0,17.0,62.0,69.0,60.0,56.0,45.0,25.0,32.0
2020-06-06,54.0,79.0,34.0,53.0,50.0,38.0,56.0,30.0,83.0,47.0,29.0,26.0,38.0,46.0,38.0,18.0,34.0,38.0,39.0,45.0,42.0,25.0,60.0,32.0,35.0,30.0,60.0,42.0,28.0,51.0,40.0,45.0,21.0,30.0,33.0,34.0,118.0,54.0,44.0,49.0,,32.0,51.0,37.0,45.0,35.0,61.0,43.0,27.0,39.0,24.0,32.0,26.0,39.0,54.0,43.0,29.0,80.0,30.0,49.0,39.0,47.0,76.0,48.0,49.0,42.0,69.0,,86.0,28.0,104.0,64.0,36.0,48.0,75.0,39.0,31.0,68.0,48.0,44.0,52.0,40.0,32.0,91.0,22.0,42.0,50.0,48.0,20.0,66.0,66.0,63.0,57.0,48.0,24.0,34.0
2020-06-13,53.0,77.0,35.0,53.0,50.0,37.0,56.0,29.0,83.0,47.0,28.0,26.0,39.0,47.0,39.0,18.0,34.0,37.0,38.0,46.0,41.0,25.0,53.0,33.0,35.0,30.0,61.0,43.0,27.0,49.0,39.0,45.0,22.0,29.0,33.0,34.0,118.0,51.0,41.0,37.0,,31.0,51.0,32.0,45.0,34.0,64.0,37.0,26.0,37.0,25.0,31.0,31.0,39.0,54.0,46.0,30.0,73.0,29.0,42.0,,44.0,73.0,46.0,49.0,42.0,71.0,,84.0,29.0,104.0,67.0,37.0,47.0,75.0,38.0,33.0,69.0,42.0,46.0,50.0,47.0,34.0,88.0,23.0,39.0,47.0,50.0,23.0,70.0,64.0,64.0,54.0,43.0,25.0,35.0
2020-06-20,53.0,75.0,36.0,51.0,50.0,37.0,57.0,29.0,84.0,47.0,28.0,26.0,39.0,46.0,40.0,19.0,34.0,38.0,37.0,46.0,41.0,24.0,50.0,33.0,34.0,30.0,61.0,44.0,26.0,46.0,37.0,46.0,22.0,28.0,34.0,34.0,120.0,54.0,41.0,40.0,,31.0,50.0,34.0,42.0,33.0,62.0,38.0,27.0,41.0,26.0,31.0,29.0,38.0,54.0,47.0,31.0,72.0,29.0,44.0,,40.0,67.0,45.0,51.0,41.0,62.0,,82.0,26.0,108.0,70.0,36.0,41.0,75.0,38.0,36.0,70.0,44.0,44.0,48.0,43.0,32.0,88.0,23.0,36.0,44.0,51.0,24.0,73.0,62.0,,50.0,45.0,26.0,38.0
2020-06-27,53.0,72.0,36.0,50.0,50.0,37.0,58.0,28.0,85.0,47.0,26.0,27.0,38.0,46.0,39.0,18.0,33.0,36.0,37.0,45.0,40.0,25.0,48.0,32.0,33.0,31.0,65.0,44.0,25.0,44.0,37.0,47.0,22.0,27.0,35.0,34.0,115.0,51.0,38.0,43.0,,30.0,49.0,31.0,42.0,34.0,62.0,34.0,28.0,44.0,28.0,31.0,29.0,39.0,52.0,46.0,30.0,70.0,31.0,45.0,,37.0,65.0,48.0,50.0,42.0,65.0,,81.0,25.0,97.0,52.0,37.0,37.0,75.0,33.0,35.0,65.0,,33.0,49.0,42.0,33.0,88.0,27.0,41.0,42.0,53.0,22.0,73.0,63.0,,44.0,42.0,26.0,43.0
2020-07-04,52.0,72.0,37.0,50.0,49.0,37.0,57.0,27.0,82.0,46.0,25.0,26.0,36.0,46.0,39.0,18.0,32.0,34.0,37.0,45.0,40.0,25.0,47.0,32.0,32.0,30.0,63.0,42.0,25.0,41.0,35.0,47.0,21.0,27.0,36.0,34.0,104.0,51.0,38.0,46.0,51.0,30.0,46.0,32.0,41.0,31.0,57.0,31.0,28.0,45.0,25.0,31.0,29.0,37.0,52.0,45.0,33.0,63.0,31.0,48.0,,38.0,63.0,45.0,53.0,42.0,60.0,,76.0,23.0,102.0,61.0,36.0,34.0,72.0,35.0,35.0,63.0,,41.0,43.0,38.0,33.0,88.0,27.0,37.0,40.0,52.0,19.0,72.0,64.0,,42.0,36.0,24.0,46.0
2020-07-11,52.0,69.0,38.0,49.0,48.0,36.0,57.0,27.0,84.0,46.0,25.0,27.0,35.0,45.0,39.0,18.0,33.0,33.0,36.0,46.0,40.0,25.0,46.0,32.0,32.0,30.0,63.0,42.0,25.0,41.0,37.0,48.0,20.0,27.0,37.0,33.0,98.0,50.0,41.0,49.0,49.0,31.0,44.0,35.0,37.0,32.0,54.0,31.0,27.0,46.0,24.0,33.0,25.0,35.0,51.0,45.0,32.0,61.0,31.0,46.0,46.0,40.0,68.0,48.0,53.0,43.0,49.0,,75.0,21.0,105.0,60.0,35.0,36.0,70.0,35.0,33.0,65.0,,39.0,44.0,32.0,31.0,128.0,30.0,35.0,40.0,52.0,18.0,72.0,65.0,,42.0,36.0,27.0,44.0
2020-07-18,51.0,68.0,37.0,48.0,47.0,35.0,54.0,27.0,82.0,45.0,26.0,27.0,33.0,45.0,38.0,18.0,35.0,32.0,35.0,44.0,41.0,26.0,46.0,31.0,31.0,30.0,61.0,43.0,23.0,42.0,36.0,48.0,20.0,26.0,35.0,33.0,107.0,49.0,44.0,46.0,46.0,31.0,43.0,34.0,38.0,29.0,63.0,28.0,24.0,43.0,23.0,31.0,23.0,32.0,50.0,43.0,29.0,57.0,29.0,43.0,42.0,43.0,63.0,44.0,49.0,42.0,58.0,,79.0,20.0,107.0,60.0,35.0,36.0,68.0,34.0,30.0,66.0,,42.0,43.0,29.0,31.0,128.0,30.0,36.0,41.0,49.0,16.0,71.0,68.0,59.0,42.0,32.0,26.0,42.0
2020-07-25,50.0,67.0,37.0,48.0,47.0,33.0,52.0,27.0,81.0,45.0,26.0,26.0,33.0,44.0,36.0,17.0,35.0,30.0,33.0,42.0,42.0,24.0,45.0,31.0,30.0,30.0,57.0,41.0,22.0,41.0,34.0,49.0,20.0,25.0,34.0,33.0,100.0,49.0,43.0,43.0,45.0,32.0,45.0,32.0,35.0,27.0,63.0,27.0,23.0,40.0,19.0,30.0,22.0,30.0,51.0,41.0,29.0,53.0,27.0,38.0,37.0,44.0,65.0,43.0,47.0,40.0,55.0,,76.0,20.0,107.0,61.0,36.0,35.0,66.0,33.0,26.0,66.0,40.0,54.0,39.0,31.0,30.0,125.0,23.0,34.0,43.0,49.0,17.0,69.0,65.0,60.0,43.0,36.0,24.0,35.0
2020-08-01,50.0,66.0,36.0,47.0,47.0,32.0,50.0,26.0,81.0,45.0,26.0,26.0,34.0,44.0,35.0,17.0,37.0,32.0,33.0,40.0,43.0,25.0,44.0,30.0,30.0,28.0,57.0,42.0,22.0,41.0,34.0,48.0,18.0,25.0,31.0,33.0,99.0,52.0,43.0,37.0,46.0,35.0,48.0,33.0,34.0,28.0,66.0,26.0,24.0,39.0,18.0,32.0,23.0,31.0,49.0,37.0,29.0,53.0,26.0,35.0,37.0,41.0,66.0,44.0,43.0,38.0,55.0,,71.0,18.0,107.0,45.0,37.0,34.0,64.0,30.0,25.0,63.0,39.0,45.0,39.0,35.0,28.0,124.0,22.0,34.0,48.0,49.0,17.0,66.0,64.0,61.0,46.0,37.0,24.0,34.0
2020-08-08,48.0,66.0,35.0,46.0,47.0,31.0,50.0,25.0,81.0,44.0,25.0,25.0,33.0,43.0,34.0,16.0,36.0,31.0,33.0,36.0,41.0,24.0,43.0,29.0,29.0,28.0,56.0,40.0,21.0,40.0,32.0,45.0,19.0,25.0,32.0,34.0,97.0,57.0,39.0,35.0,44.0,32.0,48.0,31.0,33.0,28.0,68.0,27.0,23.0,39.0,16.0,33.0,22.0,29.0,49.0,32.0,28.0,48.0,27.0,37.0,34.0,36.0,51.0,41.0,42.0,37.0,56.0,,68.0,20.0,102.0,54.0,33.0,30.0,62.0,25.0,23.0,58.0,41.0,48.0,39.0,33.0,29.0,85.0,22.0,37.0,50.0,44.0,15.0,67.0,65.0,58.0,42.0,38.0,19.0,35.0
2020-08-15,47.0,65.0,34.0,46.0,46.0,31.0,50.0,25.0,80.0,42.0,25.0,24.0,32.0,41.0,33.0,16.0,35.0,30.0,33.0,35.0,40.0,24.0,43.0,29.0,26.0,27.0,57.0,38.0,22.0,38.0,33.0,44.0,19.0,26.0,33.0,32.0,80.0,58.0,34.0,36.0,45.0,30.0,48.0,30.0,33.0,28.0,62.0,27.0,23.0,36.0,17.0,34.0,24.0,29.0,48.0,29.0,29.0,48.0,29.0,40.0,33.0,33.0,54.0,40.0,41.0,38.0,45.0,,61.0,19.0,107.0,50.0,32.0,32.0,62.0,28.0,21.0,60.0,43.0,48.0,39.0,37.0,25.0,86.0,24.0,35.0,49.0,47.0,15.0,63.0,61.0,56.0,40.0,33.0,18.0,37.0
2020-08-22,46.0,64.0,34.0,45.0,45.0,31.0,50.0,24.0,80.0,41.0,24.0,24.0,31.0,38.0,32.0,16.0,35.0,31.0,32.0,33.0,37.0,24.0,42.0,29.0,25.0,25.0,57.0,38.0,22.0,36.0,31.0,40.0,17.0,23.0,31.0,30.0,87.0,59.0,31.0,38.0,44.0,29.0,46.0,34.0,32.0,27.0,58.0,27.0,22.0,36.0,16.0,33.0,23.0,27.0,46.0,31.0,28.0,48.0,30.0,41.0,35.0,31.0,46.0,35.0,44.0,37.0,40.0,,60.0,18.0,108.0,54.0,30.0,33.0,61.0,28.0,21.0,61.0,41.0,42.0,38.0,41.0,25.0,87.0,24.0,34.0,49.0,46.0,17.0,63.0,60.0,53.0,40.0,30.0,23.0,34.0
2020-08-29,45.0,64.0,34.0,44.0,45.0,32.0,49.0,23.0,79.0,42.0,24.0,24.0,28.0,36.0,31.0,16.0,34.0,28.0,31.0,33.0,35.0,24.0,41.0,28.0,23.0,25.0,57.0,37.0,22.0,36.0,30.0,38.0,18.0,23.0,31.0,29.0,76.0,63.0,28.0,42.0,43.0,27.0,46.0,31.0,31.0,26.0,54.0,26.0,21.0,35.0,17.0,30.0,23.0,24.0,42.0,31.0,25.0,51.0,28.0,42.0,31.0,29.0,39.0,39.0,44.0,34.0,50.0,,62.0,20.0,98.0,59.0,28.0,37.0,61.0,29.0,19.0,60.0,38.0,44.0,35.0,37.0,22.0,84.0,28.0,31.0,52.0,44.0,19.0,62.0,60.0,53.0,36.0,28.0,25.0,34.0
2020-09-05,47.0,66.0,33.0,45.0,44.0,32.0,49.0,23.0,78.0,42.0,25.0,25.0,29.0,33.0,31.0,16.0,33.0,28.0,29.0,32.0,34.0,24.0,40.0,28.0,22.0,23.0,61.0,38.0,23.0,42.0,33.0,37.0,19.0,21.0,30.0,29.0,81.0,59.0,32.0,47.0,44.0,32.0,45.0,30.0,36.0,23.0,60.0,25.0,21.0,33.0,20.0,30.0,24.0,27.0,43.0,29.0,27.0,54.0,25.0,43.0,44.0,36.0,47.0,44.0,44.0,34.0,52.0,76.0,68.0,19.0,92.0,57.0,27.0,41.0,60.0,39.0,17.0,57.0,36.0,47.0,36.0,42.0,23.0,84.0,23.0,30.0,54.0,43.0,18.0,62.0,59.0,53.0,38.0,24.0,25.0,32.0
2020-09-12,46.0,66.0,32.0,45.0,44.0,32.0,49.0,22.0,75.0,43.0,26.0,24.0,29.0,31.0,30.0,16.0,34.0,27.0,29.0,32.0,33.0,23.0,39.0,27.0,23.0,23.0,58.0,37.0,22.0,42.0,32.0,37.0,18.0,22.0,30.0,29.0,80.0,55.0,34.0,42.0,45.0,31.0,43.0,29.0,58.0,25.0,58.0,26.0,21.0,33.0,18.0,32.0,23.0,25.0,44.0,27.0,27.0,62.0,22.0,37.0,46.0,47.0,46.0,45.0,42.0,30.0,51.0,,73.0,20.0,85.0,51.0,27.0,39.0,58.0,38.0,17.0,53.0,36.0,49.0,35.0,39.0,25.0,82.0,19.0,29.0,61.0,38.0,20.0,59.0,58.0,61.0,44.0,23.0,24.0,29.0
2020-09-19,46.0,66.0,31.0,44.0,44.0,32.0,49.0,22.0,76.0,43.0,26.0,25.0,30.0,30.0,30.0,17.0,33.0,25.0,29.0,33.0,32.0,23.0,40.0,26.0,23.0,22.0,56.0,37.0,20.0,42.0,33.0,38.0,19.0,22.0,29.0,31.0,69.0,53.0,36.0,42.0,45.0,30.0,43.0,28.0,58.0,23.0,61.0,26.0,20.0,31.0,20.0,33.0,22.0,24.0,45.0,23.0,26.0,64.0,22.0,36.0,44.0,46.0,44.0,44.0,40.0,29.0,53.0,,75.0,21.0,81.0,44.0,25.0,39.0,57.0,41.0,16.0,48.0,33.0,50.0,33.0,35.0,23.0,79.0,23.0,27.0,59.0,37.0,18.0,60.0,57.0,60.0,46.0,24.0,19.0,33.0
2020-09-26,45.0,64.0,31.0,44.0,44.0,31.0,50.0,22.0,76.0,41.0,26.0,25.0,30.0,28.0,29.0,16.0,33.0,26.0,29.0,32.0,31.0,22.0,41.0,26.0,23.0,20.0,57.0,36.0,19.0,41.0,32.0,39.0,20.0,21.0,29.0,30.0,69.0,49.0,37.0,43.0,44.0,28.0,41.0,26.0,57.0,22.0,61.0,25.0,20.0,30.0,18.0,34.0,21.0,24.0,45.0,24.0,27.0,63.0,23.0,33.0,46.0,47.0,46.0,39.0,41.0,30.0,45.0,,75.0,20.0,83.0,45.0,28.0,37.0,56.0,41.0,16.0,52.0,33.0,50.0,34.0,35.0,26.0,82.0,19.0,26.0,59.0,36.0,16.0,59.0,56.0,60.0,46.0,25.0,16.0,36.0
2020-10-03,42.0,60.0,31.0,42.0,43.0,31.0,50.0,22.0,74.0,40.0,25.0,23.0,29.0,27.0,28.0,16.0,34.0,24.0,29.0,31.0,30.0,22.0,42.0,26.0,22.0,19.0,50.0,35.0,19.0,35.0,27.0,40.0,18.0,22.0,28.0,29.0,63.0,49.0,31.0,38.0,40.0,25.0,40.0,25.0,54.0,22.0,51.0,25.0,19.0,31.0,15.0,31.0,20.0,21.0,39.0,24.0,25.0,63.0,23.0,35.0,34.0,40.0,37.0,34.0,40.0,28.0,42.0,,68.0,19.0,80.0,40.0,26.0,35.0,58.0,40.0,16.0,52.0,31.0,50.0,30.0,34.0,24.0,80.0,21.0,22.0,57.0,33.0,15.0,52.0,59.0,65.0,43.0,28.0,17.0,37.0
2020-10-10,41.0,59.0,30.0,40.0,43.0,31.0,50.0,21.0,75.0,37.0,23.0,23.0,28.0,26.0,28.0,16.0,32.0,25.0,28.0,30.0,30.0,23.0,41.0,26.0,21.0,18.0,52.0,35.0,19.0,35.0,25.0,40.0,18.0,20.0,28.0,28.0,59.0,49.0,30.0,41.0,37.0,24.0,42.0,23.0,30.0,21.0,49.0,24.0,18.0,31.0,16.0,28.0,19.0,20.0,36.0,26.0,22.0,53.0,25.0,37.0,32.0,27.0,31.0,32.0,42.0,30.0,45.0,,64.0,17.0,74.0,41.0,28.0,34.0,58.0,43.0,15.0,53.0,28.0,51.0,26.0,30.0,24.0,73.0,18.0,24.0,47.0,35.0,12.0,52.0,60.0,53.0,37.0,29.0,22.0,40.0
2020-10-17,40.0,59.0,30.0,39.0,42.0,31.0,49.0,20.0,72.0,37.0,23.0,22.0,27.0,26.0,27.0,16.0,32.0,24.0,27.0,29.0,27.0,22.0,39.0,25.0,21.0,18.0,51.0,35.0,19.0,35.0,26.0,39.0,19.0,20.0,29.0,26.0,57.0,49.0,29.0,51.0,34.0,24.0,41.0,21.0,30.0,23.0,50.0,24.0,17.0,31.0,15.0,27.0,18.0,21.0,35.0,26.0,20.0,52.0,24.0,36.0,32.0,30.0,30.0,31.0,37.0,27.0,42.0,43.0,64.0,15.0,67.0,37.0,30.0,36.0,55.0,43.0,16.0,51.0,31.0,51.0,27.0,28.0,27.0,71.0,14.0,23.0,46.0,33.0,13.0,47.0,59.0,53.0,36.0,24.0,22.0,38.0
2020-10-24,39.0,58.0,29.0,39.0,43.0,30.0,48.0,20.0,71.0,36.0,23.0,23.0,29.0,25.0,26.0,17.0,32.0,23.0,27.0,28.0,27.0,22.0,39.0,25.0,20.0,19.0,52.0,37.0,18.0,34.0,26.0,38.0,17.0,21.0,30.0,25.0,53.0,47.0,28.0,51.0,31.0,27.0,38.0,21.0,30.0,22.0,49.0,27.0,17.0,31.0,14.0,25.0,18.0,20.0,35.0,24.0,18.0,52.0,23.0,37.0,27.0,29.0,26.0,31.0,35.0,27.0,41.0,39.0,62.0,15.0,63.0,31.0,27.0,36.0,54.0,47.0,16.0,45.0,30.0,59.0,25.0,28.0,29.0,64.0,15.0,22.0,41.0,33.0,13.0,44.0,57.0,52.0,35.0,24.0,24.0,35.0
2020-10-31,39.0,59.0,29.0,39.0,43.0,29.0,46.0,18.0,71.0,36.0,23.0,24.0,29.0,25.0,26.0,17.0,31.0,23.0,27.0,28.0,25.0,22.0,39.0,26.0,22.0,19.0,53.0,36.0,19.0,34.0,26.0,39.0,17.0,20.0,29.0,25.0,51.0,49.0,31.0,51.0,32.0,27.0,39.0,21.0,30.0,22.0,46.0,28.0,17.0,31.0,14.0,26.0,18.0,22.0,36.0,27.0,19.0,51.0,23.0,34.0,29.0,29.0,30.0,30.0,33.0,25.0,36.0,48.0,62.0,16.0,59.0,34.0,30.0,34.0,50.0,41.0,16.0,46.0,34.0,54.0,24.0,25.0,27.0,64.0,,23.0,44.0,34.0,17.0,46.0,53.0,45.0,38.0,22.0,23.0,35.0
2020-11-07,39.0,59.0,29.0,39.0,43.0,28.0,46.0,19.0,72.0,37.0,23.0,25.0,30.0,25.0,27.0,18.0,31.0,23.0,29.0,29.0,24.0,22.0,42.0,26.0,23.0,20.0,53.0,37.0,18.0,35.0,26.0,39.0,17.0,21.0,30.0,26.0,53.0,60.0,31.0,53.0,34.0,28.0,37.0,22.0,29.0,23.0,45.0,30.0,18.0,29.0,14.0,28.0,19.0,24.0,39.0,27.0,19.0,49.0,23.0,35.0,28.0,29.0,30.0,29.0,33.0,26.0,33.0,53.0,61.0,16.0,54.0,43.0,27.0,34.0,48.0,40.0,17.0,45.0,33.0,53.0,27.0,26.0,29.0,67.0,,23.0,48.0,30.0,20.0,46.0,53.0,49.0,39.0,21.0,16.0,38.0
2020-11-14,39.0,61.0,29.0,41.0,44.0,28.0,45.0,19.0,75.0,37.0,24.0,26.0,31.0,25.0,27.0,18.0,32.0,23.0,31.0,29.0,26.0,22.0,43.0,28.0,23.0,20.0,53.0,35.0,20.0,35.0,25.0,41.0,16.0,21.0,29.0,26.0,51.0,62.0,31.0,43.0,34.0,27.0,38.0,24.0,27.0,22.0,40.0,31.0,20.0,29.0,13.0,30.0,20.0,25.0,38.0,30.0,20.0,47.0,24.0,37.0,29.0,29.0,30.0,32.0,36.0,27.0,33.0,34.0,62.0,18.0,53.0,50.0,27.0,33.0,48.0,39.0,18.0,50.0,34.0,51.0,25.0,25.0,27.0,68.0,,24.0,48.0,28.0,19.0,44.0,57.0,44.0,36.0,22.0,16.0,41.0
2020-11-21,40.0,63.0,30.0,42.0,44.0,29.0,45.0,20.0,77.0,36.0,25.0,26.0,30.0,26.0,28.0,19.0,34.0,25.0,31.0,30.0,25.0,23.0,43.0,30.0,24.0,20.0,51.0,35.0,20.0,36.0,25.0,44.0,18.0,21.0,29.0,28.0,51.0,61.0,32.0,47.0,35.0,24.0,41.0,27.0,29.0,23.0,43.0,28.0,21.0,28.0,14.0,30.0,22.0,28.0,41.0,29.0,22.0,48.0,24.0,37.0,32.0,33.0,31.0,31.0,40.0,26.0,35.0,41.0,66.0,18.0,52.0,57.0,27.0,32.0,47.0,38.0,19.0,52.0,35.0,43.0,24.0,23.0,26.0,67.0,15.0,24.0,50.0,30.0,17.0,46.0,55.0,42.0,39.0,20.0,17.0,41.0
2020-11-28,40.0,63.0,31.0,43.0,43.0,29.0,44.0,21.0,77.0,36.0,27.0,26.0,31.0,27.0,28.0,20.0,36.0,24.0,32.0,30.0,26.0,23.0,43.0,28.0,22.0,20.0,54.0,35.0,21.0,37.0,26.0,45.0,20.0,22.0,31.0,27.0,51.0,56.0,32.0,52.0,36.0,19.0,41.0,25.0,28.0,23.0,40.0,30.0,20.0,27.0,15.0,30.0,22.0,28.0,40.0,26.0,23.0,47.0,26.0,41.0,30.0,32.0,31.0,30.0,46.0,26.0,33.0,37.0,67.0,18.0,57.0,56.0,24.0,32.0,46.0,43.0,18.0,51.0,32.0,44.0,25.0,23.0,25.0,66.0,17.0,25.0,56.0,30.0,13.0,44.0,57.0,42.0,37.0,19.0,17.0,41.0
2020-12-05,42.0,64.0,32.0,47.0,43.0,32.0,45.0,23.0,78.0,38.0,30.0,28.0,32.0,28.0,29.0,22.0,38.0,26.0,35.0,30.0,28.0,25.0,43.0,31.0,23.0,21.0,53.0,36.0,23.0,39.0,28.0,47.0,21.0,24.0,34.0,26.0,51.0,47.0,36.0,54.0,35.0,22.0,42.0,26.0,32.0,21.0,41.0,30.0,22.0,30.0,18.0,34.0,24.0,29.0,38.0,27.0,24.0,49.0,25.0,43.0,27.0,34.0,31.0,36.0,48.0,25.0,35.0,39.0,73.0,20.0,57.0,60.0,24.0,31.0,48.0,47.0,19.0,52.0,33.0,43.0,26.0,25.0,28.0,65.0,,25.0,60.0,34.0,13.0,44.0,58.0,41.0,36.0,22.0,21.0,38.0
2020-12-12,43.0,66.0,33.0,49.0,43.0,33.0,46.0,25.0,79.0,38.0,32.0,30.0,33.0,29.0,30.0,21.0,40.0,28.0,35.0,31.0,29.0,25.0,45.0,33.0,24.0,22.0,56.0,38.0,24.0,42.0,31.0,47.0,23.0,26.0,37.0,26.0,52.0,46.0,39.0,58.0,36.0,23.0,41.0,25.0,33.0,21.0,47.0,28.0,22.0,33.0,19.0,34.0,25.0,28.0,44.0,26.0,25.0,51.0,27.0,44.0,26.0,34.0,31.0,34.0,48.0,27.0,36.0,44.0,72.0,20.0,66.0,57.0,23.0,33.0,49.0,47.0,17.0,48.0,33.0,39.0,30.0,30.0,29.0,66.0,20.0,27.0,69.0,35.0,15.0,46.0,60.0,47.0,38.0,25.0,21.0,38.0
2020-12-19,44.0,68.0,34.0,50.0,45.0,33.0,46.0,24.0,78.0,39.0,35.0,32.0,34.0,30.0,32.0,22.0,41.0,28.0,37.0,31.0,31.0,26.0,49.0,32.0,25.0,23.0,56.0,39.0,26.0,64.0,31.0,43.0,23.0,27.0,40.0,24.0,54.0,50.0,40.0,58.0,38.0,26.0,43.0,25.0,32.0,24.0,44.0,32.0,23.0,34.0,22.0,36.0,25.0,27.0,42.0,27.0,25.0,51.0,28.0,44.0,26.0,30.0,34.0,38.0,47.0,28.0,32.0,39.0,66.0,22.0,77.0,55.0,21.0,34.0,49.0,45.0,17.0,47.0,37.0,42.0,30.0,30.0,30.0,65.0,,33.0,68.0,35.0,18.0,45.0,64.0,48.0,34.0,27.0,14.0,39.0
2020-12-26,45.0,73.0,35.0,52.0,45.0,34.0,48.0,25.0,81.0,40.0,37.0,33.0,35.0,30.0,33.0,23.0,40.0,29.0,39.0,31.0,33.0,28.0,49.0,34.0,25.0,23.0,55.0,41.0,27.0,66.0,32.0,43.0,22.0,30.0,41.0,26.0,48.0,50.0,40.0,55.0,37.0,28.0,45.0,29.0,35.0,23.0,44.0,31.0,25.0,33.0,22.0,38.0,25.0,27.0,43.0,28.0,28.0,53.0,26.0,42.0,28.0,33.0,33.0,41.0,43.0,26.0,33.0,34.0,64.0,23.0,86.0,50.0,23.0,37.0,51.0,45.0,18.0,48.0,43.0,39.0,29.0,32.0,30.0,65.0,,34.0,56.0,38.0,18.0,45.0,69.0,50.0,37.0,26.0,13.0,46.0
2021-01-02,47.0,77.0,37.0,54.0,46.0,34.0,48.0,26.0,83.0,41.0,39.0,36.0,35.0,31.0,34.0,26.0,42.0,29.0,39.0,32.0,32.0,29.0,51.0,35.0,25.0,25.0,55.0,43.0,28.0,68.0,33.0,42.0,27.0,30.0,41.0,30.0,46.0,53.0,38.0,48.0,37.0,25.0,47.0,29.0,38.0,24.0,45.0,31.0,26.0,33.0,27.0,37.0,29.0,27.0,43.0,28.0,33.0,63.0,31.0,46.0,37.0,33.0,42.0,36.0,44.0,27.0,29.0,36.0,54.0,26.0,94.0,42.0,22.0,47.0,54.0,42.0,17.0,48.0,50.0,47.0,29.0,38.0,31.0,66.0,,36.0,57.0,38.0,17.0,46.0,70.0,53.0,32.0,32.0,14.0,53.0
2021-01-09,,,,,,37.0,51.0,,,,,,,,,,,,42.0,34.0,34.0,,55.0,,,27.0,,,28.0,,,42.0,,31.0,,,49.0,,,46.0,38.0,,50.0,,42.0,27.0,43.0,41.0,29.0,,,,32.0,,,28.0,35.0,66.0,30.0,,42.0,36.0,,38.0,,,31.0,38.0,54.0,28.0,100.0,42.0,22.0,,,44.0,,,56.0,,30.0,41.0,32.0,64.0,,36.0,,43.0,,49.0,74.0,,32.0,35.0,,55.0
2021-01-16,,,,,,38.0,51.0,,,,,,,,,,,,45.0,35.0,35.0,,55.0,,,28.0,,,29.0,,,39.0,,28.0,,,49.0,,,48.0,39.0,,50.0,,45.0,25.0,46.0,40.0,29.0,,,,33.0,,,30.0,39.0,65.0,30.0,,46.0,41.0,,38.0,,,37.0,38.0,60.0,30.0,96.0,36.0,26.0,,,52.0,,,54.0,,31.0,48.0,30.0,60.0,15.0,35.0,,45.0,,54.0,78.0,,35.0,35.0,,57.0
2021-01-23,,,,,,36.0,47.0,,,,,,,,,,,,44.0,34.0,31.0,,53.0,,,27.0,,,29.0,,,33.0,,21.0,,,54.0,,,55.0,37.0,,50.0,,44.0,25.0,48.0,38.0,27.0,,,,33.0,,,34.0,37.0,60.0,32.0,,45.0,42.0,,37.0,,,36.0,,61.0,29.0,79.0,40.0,29.0,,,42.0,,,46.0,,31.0,49.0,33.0,52.0,,33.0,,41.0,,51.0,73.0,,31.0,36.0,,48.0
2021-01-30,,,,,,33.0,43.0,,,,,,,,,,,,41.0,31.0,28.0,,49.0,,,29.0,,,26.0,,,28.0,,16.0,,,56.0,,,59.0,35.0,,46.0,,39.0,24.0,45.0,34.0,25.0,,,,27.0,,,30.0,32.0,51.0,25.0,,35.0,39.0,,38.0,,,37.0,,71.0,25.0,71.0,31.0,28.0,,,35.0,,,37.0,,28.0,41.0,28.0,43.0,,33.0,,38.0,,47.0,73.0,,31.0,28.0,,41.0
2021-02-06,,,,,,33.0,37.0,,,,,,,,,,,,37.0,29.0,29.0,,42.0,,,27.0,,,25.0,,,21.0,,12.0,,,50.0,,,65.0,31.0,,41.0,,34.0,22.0,39.0,23.0,22.0,,,,27.0,,,29.0,28.0,46.0,19.0,,28.0,35.0,,41.0,,,34.0,,71.0,25.0,58.0,28.0,27.0,,,,,,27.0,,25.0,35.0,27.0,38.0,,31.0,,34.0,,42.0,65.0,,27.0,23.0,,34.0
2021-02-13,,,,,,30.0,36.0,,,,,,,,,,,,33.0,26.0,26.0,,36.0,,,24.0,,,22.0,,,20.0,,10.0,,,47.0,,,59.0,26.0,,41.0,,30.0,22.0,36.0,20.0,20.0,,,,28.0,,,26.0,28.0,45.0,15.0,,19.0,29.0,,40.0,,,30.0,,72.0,23.0,53.0,30.0,24.0,,,,,,23.0,,24.0,30.0,31.0,36.0,21.0,30.0,,30.0,,36.0,60.0,,22.0,26.0,,30.0
2021-02-20,,,,,,30.0,34.0,,,,,,,,,,,,31.0,25.0,25.0,,35.0,,,23.0,,,20.0,,,20.0,,11.0,,,45.0,,,54.0,24.0,,39.0,,29.0,19.0,33.0,20.0,19.0,,,,27.0,,,21.0,26.0,44.0,10.0,,15.0,26.0,,40.0,,,30.0,,76.0,22.0,54.0,25.0,20.0,,,,,,22.0,,23.0,28.0,32.0,36.0,,30.0,,30.0,,37.0,56.0,,21.0,25.0,,29.0
2021-02-27,,,,,,30.0,34.0,,,,,,,,,,,,29.0,24.0,25.0,,34.0,,,17.0,,,20.0,,,20.0,,12.0,,,41.0,,,57.0,23.0,,41.0,,27.0,18.0,31.0,21.0,17.0,,,,26.0,,,21.0,25.0,42.0,9.0,,14.0,25.0,,37.0,,,29.0,,68.0,24.0,56.0,25.0,24.0,,,,,,23.0,,23.0,28.0,32.0,35.0,,30.0,,29.0,,36.0,53.0,,22.0,26.0,,26.0
2021-03-06,,,,,,25.0,34.0,,,,,,,,,,,,27.0,24.0,19.0,,32.0,,,15.0,,,18.0,,,20.0,,12.0,,,40.0,,,51.0,21.0,,43.0,,25.0,14.0,30.0,21.0,16.0,,,,21.0,,,21.0,25.0,40.0,10.0,,13.0,23.0,,30.0,,,26.0,,63.0,22.0,55.0,28.0,26.0,,,,,,24.0,,19.0,27.0,32.0,33.0,12.0,29.0,,27.0,,33.0,53.0,,23.0,23.0,,30.0
2021-03-13,,,,,,23.0,32.0,,,,,,,,,,,,22.0,23.0,17.0,,31.0,,,14.0,,,19.0,,,19.0,,12.0,,,37.0,,,53.0,19.0,,39.0,,21.0,11.0,30.0,21.0,14.0,,,,16.0,,,23.0,21.0,36.0,9.0,,12.0,22.0,,24.0,,,21.0,,55.0,20.0,57.0,23.0,32.0,,,31.0,,,22.0,,24.0,24.0,28.0,31.0,11.0,26.0,,28.0,,31.0,53.0,,24.0,17.0,,31.0
2021-03-20,,,,,,23.0,32.0,,,,,,,,,,,,17.0,22.0,16.0,,28.0,,,13.0,,,18.0,,,18.0,,11.0,,,32.0,,,44.0,19.0,,38.0,,18.0,10.0,29.0,20.0,13.0,,,,15.0,,,27.0,19.0,34.0,8.0,,12.0,19.0,,22.0,,,20.0,,49.0,18.0,55.0,29.0,29.0,,,16.0,,,21.0,,21.0,21.0,23.0,29.0,10.0,24.0,,27.0,,31.0,54.0,,23.0,17.0,,34.0
2021-03-27,,,,,,21.0,29.0,,,,,,,,,,,,14.0,20.0,15.0,,25.0,,,13.0,,,16.0,,,16.0,,11.0,,,28.0,,,37.0,17.0,,36.0,,16.0,8.0,28.0,18.0,12.0,,,,14.0,,,26.0,16.0,30.0,9.0,,12.0,17.0,,23.0,,,17.0,,45.0,16.0,52.0,32.0,23.0,,,16.0,,,19.0,,19.0,18.0,21.0,29.0,9.0,21.0,,26.0,,28.0,44.0,,20.0,14.0,,35.0
2021-04-03,,,,,,20.0,26.0,,,,,,,,,,,,14.0,18.0,14.0,,22.0,,,13.0,,,15.0,,,15.0,,11.0,,,23.0,,,37.0,16.0,,29.0,,15.0,8.0,28.0,16.0,12.0,,,,14.0,,,22.0,14.0,27.0,9.0,,13.0,16.0,,22.0,,,17.0,25.0,43.0,16.0,54.0,34.0,19.0,,,,,,18.0,,17.0,16.0,19.0,28.0,8.0,20.0,,26.0,,28.0,35.0,,18.0,12.0,,32.0
2021-04-10,,,,,,20.0,24.0,,,,,,,,,,,,15.0,17.0,14.0,,20.0,,,13.0,,,11.0,,,14.0,,11.0,,,18.0,,,34.0,14.0,,26.0,,14.0,8.0,25.0,16.0,12.0,,,,13.0,,,22.0,14.0,24.0,10.0,,12.0,13.0,,21.0,,,15.0,,41.0,17.0,46.0,34.0,11.0,,,,,,17.0,,10.0,16.0,18.0,26.0,7.0,19.0,,26.0,,28.0,25.0,,16.0,13.0,,31.0
2021-04-17,,,,,,19.0,23.0,,,,,,,,,,,,15.0,16.0,15.0,,19.0,,,13.0,,,10.0,,,14.0,,11.0,,,14.0,,,45.0,13.0,,22.0,,13.0,8.0,23.0,15.0,12.0,,,,14.0,,,18.0,13.0,25.0,11.0,,13.0,13.0,,21.0,,,16.0,,37.0,16.0,41.0,28.0,11.0,,,,,,17.0,,10.0,16.0,18.0,25.0,8.0,19.0,,28.0,,25.0,13.0,,16.0,12.0,,30.0
2021-04-24,,,,,,19.0,21.0,,,,,,,,,,,,16.0,16.0,15.0,,18.0,,,13.0,,,10.0,,,14.0,,10.0,,,12.0,,,45.0,13.0,,15.0,,13.0,8.0,22.0,15.0,12.0,,,,13.0,,,18.0,13.0,23.0,11.0,,12.0,12.0,,19.0,,,15.0,26.0,35.0,13.0,31.0,26.0,13.0,,,,,,17.0,,12.0,16.0,20.0,23.0,7.0,18.0,,27.0,,24.0,14.0,,19.0,12.0,,30.0
2021-05-01,,,,,,18.0,21.0,,,,,,,,,,,,16.0,16.0,14.0,,17.0,,,12.0,,,10.0,,,13.0,,10.0,,,12.0,,,44.0,12.0,,14.0,,12.0,8.0,20.0,15.0,12.0,,,,12.0,,,19.0,13.0,23.0,13.0,,10.0,11.0,,18.0,,,15.0,22.0,32.0,11.0,21.0,20.0,22.0,,,16.0,,,16.0,,24.0,21.0,18.0,22.0,7.0,17.0,,27.0,,22.0,13.0,,18.0,12.0,,27.0
2021-05-08,,,,,,18.0,20.0,,,,,,,,,,,,15.0,15.0,13.0,,16.0,,,11.0,,,9.0,,,13.0,,10.0,,,14.0,,,46.0,12.0,,13.0,,12.0,8.0,18.0,14.0,11.0,,,,11.0,,,15.0,11.0,24.0,12.0,,10.0,11.0,,16.0,,,15.0,17.0,29.0,12.0,18.0,16.0,21.0,,,,,,14.0,,28.0,19.0,17.0,22.0,7.0,18.0,,21.0,,21.0,12.0,,19.0,12.0,,37.0
2021-05-15,,,,,,18.0,19.0,,,,,,,,,,,,14.0,13.0,12.0,,15.0,,,11.0,,,9.0,,,12.0,,10.0,,,16.0,,,46.0,12.0,,13.0,,12.0,8.0,18.0,14.0,11.0,,,,12.0,,,15.0,13.0,23.0,12.0,,10.0,12.0,,15.0,,,14.0,,28.0,12.0,20.0,13.0,21.0,,,10.0,,,14.0,,28.0,17.0,16.0,20.0,7.0,15.0,,16.0,,20.0,12.0,,16.0,12.0,,36.0
2021-05-22,,,,,,17.0,19.0,,,,,,,,,,,,15.0,11.0,12.0,,15.0,,,12.0,,,9.0,,,13.0,,9.0,,,17.0,,,41.0,13.0,,13.0,,12.0,8.0,17.0,15.0,12.0,,,,11.0,,,14.0,13.0,23.0,11.0,,10.0,12.0,,12.0,,,15.0,,28.0,12.0,23.0,16.0,19.0,,,12.0,,,13.0,,28.0,17.0,13.0,20.0,7.0,13.0,,13.0,,19.0,10.0,,14.0,11.0,,39.0
2021-05-29,,,,,,17.0,18.0,,,,,,,,,,,,14.0,9.0,13.0,,15.0,,,12.0,,,8.0,,,12.0,,9.0,,,18.0,,,45.0,14.0,,13.0,,11.0,8.0,17.0,15.0,12.0,,,,11.0,,,16.0,13.0,22.0,10.0,,10.0,12.0,,11.0,,,16.0,12.0,27.0,11.0,24.0,16.0,10.0,,,13.0,,,12.0,,19.0,11.0,14.0,19.0,8.0,12.0,,10.0,,19.0,10.0,,14.0,11.0,,41.0
2021-06-05,,,,,,17.0,17.0,,,,,,,,,,,,15.0,8.0,13.0,,16.0,,,12.0,,,8.0,,,13.0,,8.0,,,18.0,,,37.0,14.0,,13.0,,12.0,9.0,17.0,15.0,11.0,,,,11.0,,,17.0,14.0,21.0,10.0,,10.0,12.0,,10.0,,,15.0,16.0,28.0,10.0,27.0,15.0,16.0,,,13.0,,,12.0,,15.0,11.0,14.0,17.0,8.0,10.0,,9.0,,18.0,11.0,,13.0,11.0,,32.0
2021-06-12,,,,,,17.0,17.0,,,,,,,,,,,,15.0,8.0,13.0,,17.0,,,13.0,,,8.0,,,13.0,,9.0,,,19.0,,,30.0,14.0,,12.0,,12.0,10.0,19.0,16.0,11.0,,,,10.0,,,16.0,12.0,21.0,10.0,,10.0,12.0,,10.0,,,15.0,17.0,26.0,10.0,29.0,19.0,16.0,,,15.0,,,12.0,,18.0,11.0,15.0,17.0,8.0,11.0,,9.0,,18.0,12.0,,13.0,11.0,,32.0
2021-06-19,,,,,,17.0,17.0,,,,,,,,,,,,14.0,9.0,13.0,,17.0,,,38.0,,,9.0,,,12.0,,9.0,,,20.0,,,30.0,13.0,,10.0,,13.0,10.0,19.0,15.0,11.0,,,,10.0,,,17.0,11.0,21.0,10.0,,9.0,13.0,,11.0,,,15.0,19.0,25.0,9.0,31.0,20.0,17.0,,,16.0,,,12.0,,18.0,10.0,15.0,15.0,8.0,12.0,,10.0,,19.0,12.0,,12.0,12.0,,28.0
2021-06-26,,,,,,14.0,17.0,,,,,,,,,,,,14.0,9.0,10.0,,17.0,,,38.0,,,9.0,,,13.0,,9.0,,,21.0,,,26.0,12.0,,10.0,,13.0,11.0,20.0,15.0,10.0,,,,10.0,,,15.0,12.0,22.0,9.0,,10.0,14.0,,11.0,,,14.0,13.0,26.0,9.0,34.0,22.0,16.0,,,17.0,,,13.0,,18.0,10.0,15.0,14.0,8.0,13.0,,10.0,,18.0,12.0,,13.0,10.0,,30.0
