RegionID,753899,394463,394514,394692,394856,394347,394404,395025,394976,394865,395056,395121,394358,394530,394998,394458,395045,395055,394466,394475,394775,394492,394902,394714,394669,394910,394425,395012,394388,395031,395167,395238,394753,394653,394952,394521,394648,394304,395134,394457,394484,395115,395160,394666,394602
SizeRank,2,3,4,6,8,9,10,13,14,16,17,18,20,21,23,24,25,26,28,29,31,32,37,40,44,46,47,48,49,51,53,57,64,65,66,70,73,74,77,78,80,83,86,96,159
RegionName,"Los Angeles-Long Beach-Anaheim, CA","Chicago, IL","Dallas-Fort Worth, TX","Houston, TX","Miami-Fort Lauderdale, FL","Atlanta, GA","Boston, MA","Riverside, CA","Phoenix, AZ","Minneapolis-St Paul, MN","San Diego, CA","St. Louis, MO","Baltimore, MD","Denver, CO","Portland, OR","Charlotte, NC","Sacramento, CA","San Antonio, TX","Cincinnati, OH","Cleveland, OH","Las Vegas, NV","Columbus, OH","Nashville, TN","Jacksonville, FL","Hartford, CT","New Orleans, LA","Buffalo, NY","Raleigh, NC","Birmingham, AL","Rochester, NY","Tucson, AZ","Worcester, MA","Knoxville, TN","Greenville, SC","Ventura, CA","Dayton, OH","Greensboro, NC","Akron, OH","Stockton, CA","Charleston, SC","Colorado Springs, CO","Springfield, MA","Toledo, OH","Harrisburg, PA","Fort Collins, CO"
RegionType,Msa,Msa,Msa,Msa,Msa,Msa,Msa,Msa,Msa,Msa,Msa,Msa,Msa,Msa,Msa,Msa,Msa,Msa,Msa,Msa,Msa,Msa,Msa,Msa,Msa,Msa,Msa,Msa,Msa,Msa,Msa,Msa,Msa,Msa,Msa,Msa,Msa,Msa,Msa,Msa,Msa,Msa,Msa,Msa,Msa
StateName,CA,IL,TX,TX,FL,GA,MA,CA,AZ,MN,CA,MO,MD,CO,OR,NC,CA,TX,OH,OH,NV,OH,TN,FL,CT,LA,NY,NC,AL,NY,AZ,MA,TN,SC,CA,OH,NC,OH,CA,SC,CO,MA,OH,PA,CO
2018-01-06,2045.0,2266.0,1489.0,1373.0,1358.0,1950.0,998.0,868.0,,389.0,,734.0,,495.0,583.0,1001.0,747.0,,293.0,363.0,,,,,7.0,160.0,181.0,239.0,160.0,178.0,,114.0,216.0,165.0,124.0,84.0,,118.0,174.0,232.0,175.0,74.0,116.0,175.0,
2018-01-13,2081.0,2338.0,1444.0,1430.0,1440.0,2071.0,980.0,883.0,,372.0,,772.0,,528.0,618.0,1059.0,771.0,,315.0,354.0,,,,,201.0,178.0,181.0,250.0,180.0,181.0,,122.0,239.0,191.0,130.0,100.0,,123.0,183.0,240.0,196.0,78.0,122.0,172.0,
2018-01-20,2041.0,2521.0,1388.0,1464.0,1492.0,2207.0,996.0,900.0,,360.0,,781.0,,582.0,674.0,1102.0,758.0,,335.0,352.0,,,,,246.0,178.0,181.0,272.0,202.0,178.0,,130.0,251.0,204.0,136.0,105.0,,128.0,178.0,264.0,202.0,76.0,125.0,155.0,
2018-01-27,2440.0,2928.0,1528.0,1708.0,1723.0,2541.0,1212.0,1055.0,,380.0,,905.0,,704.0,783.0,1265.0,851.0,,376.0,385.0,,,,,329.0,204.0,224.0,313.0,244.0,197.0,,159.0,294.0,235.0,158.0,119.0,,139.0,198.0,318.0,221.0,85.0,141.0,189.0,
2018-02-03,2904.0,3392.0,1725.0,1941.0,1919.0,2859.0,1426.0,1191.0,,401.0,,1011.0,,796.0,867.0,1396.0,954.0,,438.0,424.0,,,,,416.0,229.0,248.0,364.0,288.0,224.0,,185.0,336.0,256.0,179.0,133.0,,148.0,214.0,376.0,231.0,101.0,156.0,222.0,
2018-02-10,3110.0,3681.0,1852.0,2056.0,1978.0,3020.0,1511.0,1253.0,,413.0,,1073.0,,838.0,895.0,1435.0,969.0,,472.0,442.0,,,,,290.0,239.0,265.0,407.0,309.0,234.0,,181.0,349.0,254.0,187.0,136.0,,151.0,227.0,392.0,219.0,104.0,177.0,227.0,
2018-02-17,3283.0,3851.0,1932.0,2147.0,2017.0,3115.0,1626.0,1298.0,,467.0,,1128.0,,857.0,902.0,1518.0,1019.0,,498.0,454.0,,,,,308.0,245.0,285.0,424.0,324.0,245.0,,183.0,359.0,266.0,189.0,148.0,,152.0,232.0,395.0,210.0,114.0,191.0,309.0,
2018-02-24,3327.0,3956.0,1933.0,2179.0,2020.0,3171.0,1699.0,1315.0,,515.0,,1168.0,,873.0,917.0,1633.0,1057.0,,538.0,477.0,,,,,286.0,258.0,279.0,459.0,335.0,254.0,,187.0,374.0,270.0,191.0,159.0,,157.0,225.0,399.0,201.0,123.0,195.0,307.0,
2018-03-03,3410.0,4155.0,1905.0,2208.0,2034.0,3230.0,1783.0,1367.0,,537.0,,1200.0,,896.0,929.0,1726.0,1082.0,,559.0,493.0,,,,,272.0,259.0,286.0,468.0,352.0,260.0,,191.0,367.0,274.0,195.0,167.0,,166.0,228.0,414.0,202.0,128.0,212.0,339.0,
2018-03-10,3376.0,4281.0,1855.0,2180.0,1999.0,3255.0,1877.0,1359.0,,568.0,,1213.0,,906.0,921.0,1809.0,1110.0,,575.0,502.0,,,,,257.0,254.0,281.0,469.0,352.0,280.0,,210.0,342.0,271.0,194.0,167.0,,173.0,229.0,431.0,202.0,133.0,211.0,373.0,
2018-03-17,3617.0,4838.0,1932.0,2274.0,2117.0,3372.0,2023.0,1449.0,,613.0,,1304.0,,897.0,933.0,1847.0,1169.0,,604.0,573.0,,,,,278.0,277.0,307.0,481.0,373.0,285.0,,227.0,368.0,297.0,211.0,182.0,,188.0,245.0,469.0,198.0,139.0,237.0,332.0,
2018-03-24,3650.0,5122.0,1964.0,2306.0,2122.0,3462.0,2129.0,1452.0,,603.0,,1354.0,,932.0,956.0,1843.0,1210.0,,602.0,595.0,,746.0,,,292.0,291.0,315.0,478.0,381.0,312.0,,251.0,372.0,302.0,214.0,180.0,,204.0,254.0,467.0,202.0,150.0,258.0,345.0,
2018-03-31,3644.0,5333.0,2036.0,2412.0,2137.0,3573.0,2297.0,1439.0,,623.0,,1423.0,,978.0,993.0,1902.0,1233.0,,606.0,615.0,,773.0,,,297.0,303.0,323.0,487.0,387.0,335.0,,255.0,394.0,315.0,213.0,189.0,,214.0,265.0,467.0,192.0,160.0,257.0,326.0,
2018-04-07,3895.0,5652.0,2244.0,2609.0,2277.0,3742.0,2390.0,1513.0,,685.0,,1527.0,,1005.0,1038.0,2000.0,1299.0,,614.0,661.0,,798.0,,,341.0,327.0,341.0,502.0,413.0,362.0,,272.0,461.0,337.0,225.0,192.0,,226.0,277.0,502.0,190.0,178.0,261.0,329.0,
2018-04-14,3717.0,5576.0,2243.0,2617.0,2187.0,3781.0,2598.0,1468.0,,624.0,,1517.0,,1077.0,1087.0,2089.0,1300.0,,605.0,639.0,,855.0,,,347.0,330.0,328.0,526.0,433.0,374.0,,302.0,473.0,332.0,214.0,187.0,,231.0,265.0,472.0,210.0,192.0,257.0,323.0,
2018-04-21,3508.0,5230.0,2136.0,2481.0,2028.0,3541.0,2452.0,1361.0,,576.0,,1447.0,,989.0,996.0,2012.0,1199.0,,557.0,609.0,,810.0,,,342.0,302.0,304.0,499.0,415.0,352.0,,272.0,446.0,313.0,205.0,179.0,,212.0,250.0,447.0,203.0,180.0,231.0,315.0,
2018-04-28,3544.0,5373.0,2210.0,2554.0,2061.0,3636.0,2593.0,1387.0,,600.0,,1478.0,,1032.0,1033.0,2128.0,1260.0,,580.0,644.0,,834.0,,,369.0,315.0,313.0,537.0,423.0,372.0,,295.0,456.0,317.0,219.0,189.0,,223.0,250.0,462.0,231.0,185.0,234.0,335.0,
2018-05-05,3540.0,5418.0,2229.0,2523.0,2012.0,3658.0,2907.0,1394.0,,603.0,,1524.0,,1075.0,1063.0,2181.0,1287.0,,602.0,672.0,,903.0,,,377.0,308.0,339.0,537.0,428.0,375.0,,311.0,431.0,335.0,219.0,207.0,,230.0,249.0,449.0,254.0,186.0,243.0,394.0,
2018-05-12,3667.0,5493.0,2272.0,2615.0,2043.0,3668.0,2954.0,1411.0,,681.0,,1558.0,,1089.0,1085.0,2222.0,1326.0,,647.0,688.0,,942.0,,,393.0,305.0,354.0,560.0,399.0,378.0,,317.0,423.0,325.0,227.0,217.0,,231.0,267.0,454.0,262.0,189.0,247.0,419.0,
2018-05-19,3937.0,5895.0,2480.0,2863.0,2211.0,3988.0,3307.0,1543.0,,810.0,,1634.0,,1208.0,1202.0,2407.0,1451.0,,713.0,750.0,,1012.0,,,422.0,337.0,404.0,602.0,428.0,420.0,,352.0,459.0,358.0,236.0,226.0,,262.0,287.0,494.0,275.0,204.0,274.0,453.0,
2018-05-26,3978.0,5778.0,2452.0,2809.0,2180.0,3878.0,3483.0,1522.0,,820.0,,1641.0,,1210.0,1225.0,2359.0,1447.0,,715.0,745.0,,1043.0,,,419.0,325.0,424.0,594.0,416.0,413.0,,361.0,463.0,346.0,232.0,224.0,,259.0,293.0,480.0,261.0,215.0,279.0,484.0,
2018-06-02,3859.0,5485.0,2382.0,2719.0,2084.0,3735.0,3245.0,1478.0,,824.0,,1535.0,,1149.0,1206.0,2291.0,1422.0,,685.0,713.0,,1009.0,,,400.0,325.0,407.0,586.0,393.0,415.0,,343.0,452.0,321.0,234.0,209.0,,253.0,284.0,461.0,254.0,207.0,264.0,447.0,
2018-06-09,3773.0,5347.0,2373.0,2676.0,1998.0,3714.0,3325.0,1444.0,,824.0,,1510.0,,1153.0,1210.0,2320.0,1413.0,,654.0,720.0,,1016.0,,,389.0,329.0,401.0,569.0,396.0,440.0,,333.0,448.0,319.0,234.0,206.0,,264.0,272.0,463.0,241.0,215.0,257.0,432.0,
2018-06-16,3857.0,5325.0,2360.0,2696.0,2003.0,3715.0,3385.0,1430.0,,794.0,,1573.0,,1188.0,1231.0,2358.0,1452.0,,658.0,712.0,,1048.0,,,393.0,327.0,400.0,581.0,407.0,448.0,,340.0,450.0,307.0,242.0,220.0,,260.0,277.0,462.0,246.0,221.0,249.0,420.0,
2018-06-23,3755.0,5241.0,2386.0,2685.0,1968.0,3713.0,3204.0,1422.0,,809.0,,1506.0,,1162.0,1198.0,2337.0,1423.0,,661.0,706.0,2528.0,1041.0,,,380.0,327.0,396.0,563.0,413.0,445.0,,327.0,443.0,301.0,240.0,217.0,,261.0,275.0,468.0,248.0,211.0,240.0,370.0,
2018-06-30,3855.0,5370.0,2426.0,2729.0,2003.0,3802.0,3404.0,1459.0,,829.0,,1549.0,,1218.0,1233.0,2398.0,1436.0,,682.0,728.0,2570.0,1062.0,,,392.0,343.0,410.0,577.0,416.0,437.0,,340.0,451.0,301.0,239.0,222.0,,270.0,287.0,486.0,243.0,217.0,246.0,370.0,
2018-07-07,3776.0,5074.0,2381.0,2635.0,1931.0,3709.0,3106.0,1421.0,,770.0,,1504.0,,1172.0,1186.0,2296.0,1379.0,,671.0,697.0,2482.0,1005.0,,,376.0,331.0,406.0,544.0,395.0,406.0,,316.0,441.0,301.0,232.0,215.0,,256.0,278.0,466.0,244.0,196.0,236.0,346.0,
2018-07-14,3666.0,4746.0,2373.0,2580.0,1866.0,3650.0,2769.0,1407.0,,755.0,,1417.0,850.0,1088.0,1127.0,2220.0,1296.0,,651.0,686.0,2514.0,955.0,,,351.0,336.0,392.0,530.0,384.0,389.0,,292.0,442.0,298.0,227.0,209.0,,252.0,273.0,446.0,238.0,184.0,228.0,349.0,
2018-07-21,3676.0,4892.0,2333.0,2564.0,1834.0,3614.0,2745.0,1408.0,,773.0,,1508.0,888.0,1116.0,1185.0,2235.0,1339.0,,671.0,711.0,2006.0,986.0,,,360.0,326.0,413.0,537.0,356.0,398.0,,295.0,454.0,308.0,226.0,221.0,,255.0,281.0,431.0,243.0,192.0,236.0,365.0,
2018-07-28,3643.0,4817.0,2315.0,2558.0,1810.0,3562.0,2511.0,1400.0,,747.0,,1474.0,896.0,1096.0,1185.0,2245.0,1339.0,,668.0,718.0,1510.0,994.0,,,348.0,314.0,416.0,528.0,377.0,400.0,,284.0,462.0,310.0,232.0,223.0,,261.0,283.0,415.0,248.0,196.0,244.0,367.0,
2018-08-04,3726.0,4878.0,2328.0,2584.0,1850.0,3588.0,2486.0,1421.0,,801.0,,1505.0,922.0,1120.0,1202.0,2244.0,1343.0,,689.0,746.0,1575.0,1017.0,,,358.0,302.0,421.0,541.0,378.0,416.0,,302.0,490.0,314.0,237.0,227.0,,266.0,293.0,416.0,240.0,199.0,247.0,390.0,
2018-08-11,3726.0,5006.0,2294.0,2554.0,1835.0,3582.0,2546.0,1411.0,,821.0,,1532.0,999.0,1141.0,1222.0,2293.0,1367.0,,705.0,747.0,1116.0,1041.0,,,368.0,276.0,435.0,535.0,363.0,402.0,,314.0,487.0,303.0,234.0,224.0,,268.0,303.0,410.0,240.0,202.0,257.0,387.0,
2018-08-18,3690.0,4618.0,2259.0,2484.0,1790.0,3532.0,2309.0,1391.0,,780.0,,1422.0,933.0,1076.0,1158.0,2218.0,1312.0,,652.0,712.0,1269.0,980.0,,,344.0,268.0,403.0,507.0,377.0,384.0,,304.0,460.0,310.0,228.0,204.0,,262.0,296.0,400.0,228.0,184.0,258.0,360.0,
2018-08-25,3636.0,4482.0,2206.0,2444.0,1787.0,3502.0,2231.0,1371.0,,773.0,,1396.0,923.0,1054.0,1095.0,2090.0,1292.0,,640.0,685.0,1417.0,953.0,,,341.0,250.0,392.0,501.0,353.0,381.0,,298.0,464.0,308.0,217.0,194.0,,254.0,283.0,388.0,216.0,171.0,246.0,342.0,
2018-09-01,3652.0,4530.0,2201.0,2447.0,1819.0,3534.0,2206.0,1405.0,,769.0,,1432.0,919.0,1059.0,1105.0,2152.0,1341.0,,618.0,652.0,1094.0,973.0,,,326.0,256.0,392.0,528.0,366.0,372.0,,298.0,438.0,313.0,227.0,188.0,209.0,255.0,301.0,408.0,242.0,176.0,242.0,343.0,
2018-09-08,3395.0,4147.0,2039.0,2246.0,1739.0,3245.0,1975.0,1345.0,,727.0,,1303.0,792.0,971.0,1034.0,1934.0,1254.0,,570.0,616.0,1044.0,883.0,,,299.0,239.0,355.0,490.0,335.0,353.0,,273.0,402.0,300.0,214.0,176.0,191.0,238.0,274.0,378.0,219.0,168.0,225.0,315.0,
2018-09-15,3384.0,4147.0,2062.0,2208.0,1746.0,3192.0,2026.0,1432.0,,759.0,,1284.0,769.0,960.0,1015.0,1877.0,1207.0,,568.0,600.0,1017.0,860.0,,,303.0,228.0,349.0,478.0,322.0,352.0,,262.0,397.0,283.0,213.0,179.0,181.0,236.0,272.0,332.0,215.0,171.0,214.0,320.0,
2018-09-22,3327.0,4081.0,2157.0,2137.0,1739.0,3133.0,2112.0,1417.0,,757.0,,1299.0,733.0,945.0,1029.0,1729.0,1140.0,,551.0,598.0,1423.0,854.0,,,292.0,217.0,334.0,417.0,305.0,346.0,,263.0,374.0,269.0,220.0,186.0,160.0,224.0,268.0,291.0,227.0,175.0,217.0,326.0,
2018-09-29,3204.0,3862.0,2023.0,1991.0,1707.0,3002.0,2163.0,1357.0,,715.0,,1194.0,679.0,894.0,986.0,1591.0,1123.0,,533.0,598.0,1393.0,790.0,,,284.0,203.0,318.0,370.0,290.0,346.0,,254.0,364.0,249.0,206.0,186.0,159.0,206.0,254.0,261.0,204.0,168.0,214.0,304.0,
2018-10-06,3368.0,4032.0,2078.0,2076.0,1773.0,3155.0,2457.0,1395.0,,736.0,,1281.0,724.0,967.0,1029.0,1638.0,1187.0,,556.0,615.0,1423.0,842.0,,,311.0,204.0,342.0,396.0,292.0,370.0,,280.0,380.0,265.0,218.0,185.0,167.0,213.0,263.0,285.0,221.0,167.0,212.0,314.0,
2018-10-13,3294.0,3913.0,1960.0,2036.0,1764.0,3084.0,2381.0,1270.0,,707.0,,1264.0,730.0,957.0,1003.0,1629.0,1185.0,,542.0,614.0,1418.0,842.0,,,308.0,213.0,335.0,398.0,308.0,362.0,,277.0,363.0,273.0,212.0,183.0,160.0,203.0,248.0,321.0,224.0,168.0,204.0,315.0,
2018-10-20,3251.0,3837.0,1765.0,2019.0,1758.0,3082.0,2338.0,1243.0,,666.0,,1215.0,703.0,934.0,992.0,1697.0,1212.0,,539.0,589.0,976.0,827.0,,,305.0,214.0,337.0,440.0,311.0,357.0,,276.0,351.0,271.0,200.0,177.0,171.0,194.0,250.0,352.0,216.0,169.0,198.0,308.0,
2018-10-27,3178.0,3747.0,1783.0,2005.0,1716.0,3038.0,2247.0,1228.0,,683.0,,1208.0,707.0,910.0,958.0,1658.0,1135.0,,528.0,576.0,941.0,810.0,,,305.0,211.0,335.0,427.0,302.0,352.0,,279.0,336.0,277.0,197.0,170.0,156.0,196.0,236.0,353.0,203.0,180.0,193.0,317.0,
2018-11-03,3091.0,3621.0,1752.0,1999.0,1688.0,3000.0,2129.0,1188.0,,655.0,,1196.0,694.0,875.0,937.0,1681.0,1116.0,,522.0,579.0,923.0,806.0,,,288.0,216.0,333.0,422.0,321.0,342.0,,266.0,335.0,279.0,188.0,174.0,151.0,190.0,234.0,346.0,196.0,182.0,200.0,325.0,
2018-11-10,3018.0,3517.0,1724.0,1985.0,1670.0,2939.0,2115.0,1162.0,,639.0,,1162.0,660.0,851.0,906.0,1643.0,1107.0,,503.0,571.0,896.0,776.0,,,280.0,203.0,321.0,418.0,293.0,324.0,,261.0,342.0,262.0,184.0,159.0,155.0,183.0,229.0,346.0,188.0,175.0,199.0,300.0,
2018-11-17,2933.0,3459.0,1718.0,1996.0,1632.0,2855.0,2007.0,1127.0,,649.0,,1153.0,686.0,858.0,879.0,1691.0,1073.0,,494.0,564.0,920.0,752.0,,,283.0,201.0,313.0,428.0,290.0,319.0,,248.0,343.0,266.0,173.0,154.0,153.0,199.0,232.0,347.0,184.0,173.0,195.0,297.0,
2018-11-24,2732.0,3222.0,1655.0,1865.0,1494.0,2593.0,1818.0,1032.0,742.0,581.0,,1078.0,650.0,808.0,840.0,1584.0,1011.0,,467.0,513.0,892.0,706.0,,,267.0,185.0,275.0,413.0,267.0,281.0,,213.0,323.0,241.0,150.0,137.0,151.0,184.0,225.0,325.0,177.0,144.0,176.0,264.0,
2018-12-01,2686.0,3094.0,1694.0,1795.0,1492.0,2492.0,1679.0,1031.0,907.0,575.0,,1024.0,601.0,780.0,772.0,1491.0,973.0,,449.0,497.0,896.0,627.0,,,254.0,177.0,262.0,378.0,249.0,262.0,,197.0,298.0,224.0,146.0,133.0,144.0,191.0,217.0,311.0,183.0,131.0,165.0,253.0,
2018-12-08,2629.0,2943.0,1693.0,1727.0,1475.0,2420.0,1571.0,1015.0,918.0,535.0,,1004.0,592.0,758.0,753.0,1454.0,906.0,,432.0,492.0,903.0,588.0,,,243.0,172.0,242.0,354.0,241.0,255.0,,188.0,276.0,209.0,147.0,130.0,138.0,187.0,213.0,296.0,183.0,126.0,147.0,246.0,
2018-12-15,2537.0,2723.0,1643.0,1630.0,1430.0,2297.0,1440.0,968.0,884.0,498.0,,924.0,535.0,713.0,689.0,1305.0,879.0,,410.0,463.0,879.0,541.0,,,219.0,154.0,224.0,314.0,228.0,233.0,,173.0,255.0,191.0,151.0,125.0,130.0,161.0,194.0,278.0,173.0,110.0,132.0,239.0,
2018-12-22,2507.0,2694.0,1632.0,1661.0,1487.0,2331.0,1395.0,990.0,883.0,499.0,,940.0,527.0,713.0,668.0,1277.0,878.0,,395.0,488.0,862.0,530.0,,,217.0,166.0,228.0,301.0,230.0,248.0,,173.0,251.0,185.0,160.0,135.0,133.0,158.0,190.0,272.0,175.0,110.0,139.0,238.0,
2018-12-29,2207.0,2413.0,1454.0,1480.0,1300.0,2058.0,1190.0,879.0,783.0,425.0,,823.0,482.0,628.0,602.0,1114.0,768.0,,336.0,427.0,761.0,498.0,,,190.0,144.0,184.0,269.0,201.0,218.0,,154.0,227.0,167.0,143.0,116.0,122.0,122.0,166.0,237.0,148.0,101.0,120.0,200.0,
2019-01-05,1935.0,2191.0,1299.0,1341.0,1139.0,1900.0,1007.0,797.0,723.0,388.0,,745.0,434.0,556.0,525.0,991.0,706.0,,320.0,359.0,688.0,474.0,,,171.0,129.0,177.0,252.0,183.0,190.0,,139.0,211.0,155.0,124.0,115.0,119.0,106.0,153.0,213.0,144.0,90.0,117.0,194.0,
2019-01-12,1838.0,2196.0,1221.0,1327.0,1154.0,1951.0,1003.0,823.0,756.0,376.0,,766.0,449.0,545.0,521.0,1068.0,675.0,,324.0,355.0,663.0,492.0,,,173.0,137.0,176.0,262.0,186.0,197.0,,140.0,217.0,169.0,123.0,112.0,127.0,109.0,158.0,223.0,145.0,88.0,125.0,171.0,
2019-01-19,1925.0,2410.0,1207.0,1431.0,1246.0,2157.0,1109.0,858.0,819.0,371.0,,766.0,463.0,591.0,559.0,1193.0,694.0,,350.0,354.0,700.0,531.0,,,182.0,140.0,200.0,309.0,214.0,205.0,,147.0,242.0,202.0,130.0,114.0,129.0,119.0,163.0,256.0,156.0,93.0,131.0,189.0,
2019-01-26,2227.0,2848.0,1366.0,1732.0,1471.0,2539.0,1316.0,1008.0,964.0,413.0,,883.0,530.0,707.0,664.0,1447.0,802.0,,418.0,373.0,839.0,595.0,,,204.0,172.0,230.0,378.0,257.0,226.0,,168.0,277.0,242.0,153.0,130.0,154.0,141.0,184.0,314.0,190.0,99.0,146.0,232.0,
2019-02-02,2610.0,3196.0,1571.0,1982.0,1730.0,2884.0,1562.0,1143.0,1090.0,455.0,,1124.0,598.0,820.0,749.0,1638.0,922.0,,466.0,414.0,936.0,635.0,,,217.0,195.0,239.0,427.0,297.0,248.0,,184.0,310.0,280.0,182.0,131.0,161.0,153.0,205.0,365.0,195.0,109.0,160.0,241.0,
2019-02-09,2815.0,3395.0,1743.0,2029.0,1891.0,3031.0,1634.0,1178.0,1142.0,510.0,,1173.0,627.0,870.0,797.0,1727.0,996.0,,494.0,429.0,990.0,654.0,,,239.0,208.0,249.0,468.0,322.0,248.0,,189.0,320.0,300.0,193.0,136.0,171.0,162.0,216.0,385.0,194.0,113.0,165.0,272.0,
2019-02-16,2994.0,3542.0,1885.0,2251.0,2033.0,3159.0,1691.0,1216.0,1210.0,562.0,,1234.0,647.0,900.0,809.0,1794.0,1057.0,,521.0,434.0,1026.0,653.0,,,255.0,223.0,245.0,476.0,332.0,251.0,,196.0,330.0,300.0,197.0,141.0,183.0,159.0,226.0,403.0,192.0,122.0,168.0,276.0,
2019-02-23,3100.0,3746.0,1954.0,2275.0,2156.0,3254.0,1740.0,1243.0,1283.0,625.0,,1272.0,683.0,930.0,821.0,1865.0,1106.0,,566.0,473.0,1075.0,693.0,,,268.0,233.0,261.0,507.0,344.0,269.0,,200.0,340.0,311.0,201.0,142.0,186.0,163.0,236.0,422.0,182.0,134.0,177.0,265.0,
2019-03-02,3209.0,4102.0,1996.0,2352.0,2284.0,3356.0,1765.0,1270.0,1348.0,685.0,,1202.0,696.0,955.0,842.0,1923.0,1104.0,,603.0,503.0,1109.0,720.0,,,294.0,238.0,279.0,521.0,366.0,289.0,,209.0,347.0,319.0,205.0,151.0,195.0,175.0,248.0,435.0,181.0,140.0,185.0,281.0,
2019-03-09,3410.0,4460.0,2023.0,2501.0,2384.0,3500.0,1889.0,1356.0,1401.0,710.0,,1248.0,746.0,984.0,869.0,2028.0,1129.0,,640.0,534.0,1170.0,767.0,,,301.0,232.0,284.0,522.0,377.0,303.0,,219.0,364.0,321.0,212.0,163.0,194.0,182.0,247.0,452.0,186.0,148.0,192.0,284.0,
2019-03-16,3510.0,4809.0,2084.0,2413.0,2461.0,3622.0,2048.0,1433.0,1412.0,735.0,,1326.0,781.0,1021.0,910.0,2090.0,1153.0,,665.0,576.0,1230.0,797.0,,,314.0,238.0,289.0,527.0,393.0,311.0,,231.0,379.0,337.0,221.0,173.0,202.0,200.0,260.0,463.0,190.0,149.0,209.0,295.0,
2019-03-23,3647.0,5089.0,2158.0,2478.0,2533.0,3794.0,2243.0,1468.0,1433.0,751.0,,1454.0,805.0,1054.0,963.0,2116.0,1190.0,594.0,666.0,599.0,1230.0,826.0,,,336.0,250.0,306.0,532.0,421.0,328.0,,256.0,388.0,347.0,237.0,235.0,204.0,210.0,273.0,476.0,195.0,159.0,226.0,331.0,
2019-03-30,3692.0,5261.0,2222.0,2514.0,2542.0,3890.0,2414.0,1495.0,1433.0,786.0,,1476.0,849.0,1071.0,993.0,2179.0,1231.0,602.0,654.0,622.0,1265.0,870.0,,,355.0,267.0,338.0,563.0,432.0,342.0,,273.0,393.0,354.0,238.0,255.0,204.0,219.0,274.0,487.0,194.0,180.0,238.0,340.0,
2019-04-06,3723.0,5522.0,2335.0,2645.0,2573.0,3979.0,2627.0,1501.0,1485.0,836.0,,1566.0,888.0,1112.0,1020.0,2249.0,1285.0,632.0,682.0,676.0,1293.0,903.0,,,385.0,316.0,366.0,599.0,449.0,361.0,,303.0,411.0,375.0,242.0,274.0,219.0,228.0,291.0,496.0,197.0,208.0,255.0,341.0,
2019-04-13,3815.0,5689.0,2402.0,2729.0,2565.0,4011.0,2806.0,1517.0,1554.0,899.0,,1597.0,940.0,1146.0,1067.0,2325.0,1359.0,669.0,697.0,696.0,1305.0,940.0,,,410.0,325.0,394.0,617.0,460.0,392.0,,316.0,407.0,378.0,257.0,293.0,213.0,228.0,299.0,504.0,199.0,223.0,262.0,337.0,
2019-04-20,3893.0,5858.0,2405.0,2779.0,2573.0,4076.0,2956.0,1536.0,1562.0,967.0,,1603.0,974.0,1186.0,1083.0,2410.0,1382.0,684.0,716.0,733.0,1326.0,997.0,,,436.0,317.0,405.0,625.0,470.0,426.0,,324.0,423.0,400.0,248.0,261.0,213.0,229.0,297.0,515.0,205.0,223.0,272.0,349.0,
2019-04-27,3876.0,5813.0,2459.0,2834.0,2529.0,4081.0,2896.0,1537.0,1568.0,1011.0,,1617.0,979.0,1208.0,1117.0,2415.0,1381.0,696.0,728.0,744.0,1326.0,978.0,,,443.0,314.0,373.0,596.0,467.0,432.0,,316.0,448.0,397.0,238.0,267.0,214.0,227.0,301.0,510.0,219.0,209.0,281.0,363.0,
2019-05-04,3890.0,5793.0,2444.0,2785.0,2515.0,4159.0,2957.0,1591.0,1549.0,1045.0,,1621.0,974.0,1252.0,1153.0,2396.0,1378.0,700.0,717.0,740.0,1310.0,985.0,,,448.0,300.0,368.0,616.0,458.0,437.0,,309.0,441.0,402.0,241.0,270.0,203.0,227.0,296.0,513.0,230.0,204.0,286.0,370.0,
2019-05-11,3931.0,5778.0,2418.0,2797.0,2469.0,4197.0,2970.0,1595.0,1540.0,1105.0,,1641.0,959.0,1322.0,1155.0,2388.0,1370.0,712.0,736.0,751.0,1300.0,1020.0,,,450.0,298.0,374.0,637.0,466.0,440.0,,321.0,439.0,419.0,239.0,265.0,206.0,235.0,297.0,510.0,245.0,200.0,299.0,390.0,
2019-05-18,3931.0,5648.0,2475.0,2774.0,2433.0,4190.0,2984.0,1662.0,1530.0,1122.0,,1622.0,967.0,1337.0,1180.0,2394.0,1388.0,719.0,729.0,736.0,1348.0,996.0,,,459.0,304.0,371.0,646.0,457.0,437.0,474.0,323.0,437.0,411.0,248.0,261.0,211.0,233.0,301.0,513.0,251.0,213.0,302.0,395.0,
2019-05-25,4036.0,5781.0,2460.0,2760.0,2440.0,4236.0,3315.0,1712.0,1541.0,1174.0,,1666.0,978.0,1392.0,1204.0,2477.0,1454.0,740.0,750.0,743.0,1353.0,1074.0,,,475.0,305.0,402.0,675.0,455.0,453.0,490.0,344.0,416.0,430.0,265.0,253.0,219.0,238.0,296.0,519.0,241.0,228.0,299.0,402.0,220.0
2019-06-01,3991.0,5570.0,2432.0,2715.0,2322.0,4063.0,3132.0,1674.0,1503.0,1178.0,,1575.0,939.0,1339.0,1178.0,2429.0,1473.0,733.0,724.0,696.0,1339.0,1055.0,,,453.0,289.0,405.0,620.0,446.0,441.0,472.0,341.0,402.0,417.0,270.0,237.0,221.0,227.0,294.0,503.0,225.0,215.0,285.0,384.0,243.0
2019-06-08,3967.0,5489.0,2423.0,2699.0,2303.0,4028.0,3134.0,1716.0,1456.0,1178.0,,1545.0,930.0,1291.0,1175.0,2459.0,1444.0,727.0,724.0,708.0,1358.0,1054.0,,,445.0,288.0,398.0,607.0,425.0,449.0,465.0,334.0,413.0,404.0,259.0,238.0,224.0,224.0,286.0,506.0,227.0,216.0,266.0,380.0,278.0
2019-06-15,3953.0,5471.0,2414.0,2738.0,2286.0,3954.0,3189.0,1684.0,1442.0,1206.0,,1553.0,909.0,1288.0,1174.0,2475.0,1483.0,723.0,742.0,713.0,1333.0,1098.0,,,435.0,290.0,417.0,604.0,419.0,453.0,459.0,347.0,413.0,382.0,263.0,246.0,220.0,234.0,279.0,493.0,224.0,218.0,264.0,374.0,147.0
2019-06-22,3866.0,5331.0,2392.0,2733.0,2230.0,3900.0,2944.0,1671.0,1399.0,1178.0,,1479.0,899.0,1236.0,1146.0,2441.0,1452.0,714.0,724.0,698.0,1333.0,1063.0,,859.0,410.0,289.0,416.0,616.0,417.0,448.0,440.0,343.0,417.0,369.0,250.0,259.0,208.0,231.0,274.0,485.0,232.0,205.0,258.0,371.0,146.0
2019-06-29,3977.0,5446.0,2475.0,2821.0,2292.0,4039.0,3121.0,1705.0,1412.0,1239.0,,1582.0,908.0,1271.0,1184.0,2461.0,1471.0,709.0,756.0,761.0,1389.0,1098.0,,884.0,418.0,318.0,440.0,711.0,445.0,486.0,451.0,357.0,475.0,374.0,253.0,293.0,212.0,243.0,287.0,486.0,262.0,209.0,259.0,391.0,157.0
2019-07-06,3855.0,5245.0,2444.0,2739.0,2205.0,3867.0,2897.0,1627.0,1378.0,1200.0,,1580.0,895.0,1214.0,1153.0,2312.0,1448.0,674.0,727.0,718.0,1347.0,1067.0,,879.0,403.0,307.0,424.0,707.0,433.0,466.0,439.0,340.0,475.0,379.0,254.0,286.0,202.0,239.0,274.0,469.0,251.0,205.0,250.0,385.0,153.0
2019-07-13,3793.0,5044.0,2438.0,2694.0,2150.0,3810.0,2592.0,1611.0,1362.0,1200.0,,1520.0,874.0,1130.0,1129.0,2192.0,1402.0,658.0,712.0,714.0,1326.0,1025.0,,863.0,382.0,292.0,408.0,678.0,427.0,452.0,432.0,312.0,477.0,389.0,241.0,287.0,207.0,235.0,287.0,453.0,241.0,188.0,251.0,367.0,149.0
2019-07-20,3823.0,4996.0,2433.0,2688.0,2195.0,3803.0,2585.0,1615.0,1344.0,1188.0,,1575.0,857.0,1130.0,1154.0,2113.0,1410.0,634.0,722.0,736.0,1349.0,1044.0,,845.0,385.0,280.0,414.0,675.0,431.0,446.0,440.0,307.0,485.0,403.0,255.0,290.0,215.0,250.0,306.0,457.0,247.0,196.0,243.0,350.0,155.0
2019-07-27,3809.0,4850.0,2396.0,2631.0,2163.0,3664.0,2398.0,1597.0,1330.0,1142.0,,1521.0,850.0,1119.0,1151.0,2036.0,1381.0,617.0,713.0,713.0,1316.0,1035.0,,817.0,380.0,244.0,403.0,601.0,409.0,444.0,432.0,293.0,447.0,408.0,254.0,270.0,207.0,254.0,310.0,462.0,224.0,194.0,247.0,353.0,155.0
2019-08-03,3920.0,4831.0,2447.0,2636.0,2251.0,3758.0,2391.0,1653.0,1345.0,1166.0,,1469.0,852.0,1134.0,1149.0,2055.0,1367.0,621.0,717.0,730.0,1310.0,1053.0,,806.0,377.0,255.0,420.0,602.0,410.0,444.0,426.0,301.0,446.0,398.0,261.0,285.0,214.0,253.0,326.0,467.0,228.0,202.0,254.0,357.0,153.0
2019-08-10,3959.0,4814.0,2392.0,2632.0,2296.0,3755.0,2453.0,1671.0,1318.0,1142.0,,1488.0,842.0,1188.0,1173.0,2095.0,1375.0,610.0,710.0,727.0,1322.0,1057.0,,816.0,385.0,276.0,423.0,618.0,407.0,439.0,430.0,310.0,453.0,393.0,273.0,289.0,207.0,247.0,326.0,472.0,232.0,214.0,247.0,370.0,152.0
2019-08-17,3963.0,4692.0,2385.0,2579.0,2222.0,3703.0,2383.0,1656.0,1336.0,1149.0,,1416.0,822.0,1192.0,1155.0,2038.0,1373.0,615.0,701.0,714.0,1314.0,1057.0,,806.0,375.0,284.0,421.0,595.0,398.0,425.0,413.0,297.0,448.0,384.0,265.0,284.0,203.0,243.0,324.0,458.0,233.0,211.0,243.0,364.0,148.0
2019-08-24,3927.0,4573.0,2329.0,2497.0,2201.0,3666.0,2283.0,1647.0,1313.0,1140.0,,1372.0,824.0,1154.0,1113.0,1983.0,1343.0,611.0,689.0,704.0,1315.0,1037.0,,804.0,379.0,296.0,406.0,577.0,398.0,418.0,399.0,301.0,446.0,381.0,256.0,279.0,205.0,233.0,312.0,437.0,245.0,205.0,240.0,363.0,142.0
2019-08-31,3898.0,4490.0,2265.0,2498.0,2080.0,3608.0,2250.0,1630.0,1311.0,1137.0,,1399.0,792.0,1159.0,1114.0,1963.0,1373.0,627.0,674.0,695.0,1354.0,1003.0,,816.0,375.0,299.0,399.0,571.0,405.0,404.0,410.0,288.0,439.0,365.0,247.0,269.0,201.0,239.0,299.0,424.0,227.0,200.0,237.0,364.0,139.0
2019-09-07,3731.0,4282.0,2191.0,2376.0,1879.0,3494.0,2069.0,1551.0,1278.0,1104.0,,1331.0,770.0,1094.0,1050.0,1856.0,1301.0,636.0,642.0,653.0,1307.0,945.0,,736.0,354.0,278.0,376.0,553.0,391.0,384.0,378.0,265.0,420.0,355.0,237.0,252.0,199.0,233.0,291.0,371.0,224.0,183.0,225.0,341.0,133.0
2019-09-14,3708.0,4251.0,2124.0,2326.0,1864.0,3429.0,2143.0,1535.0,1249.0,1072.0,,1346.0,798.0,1078.0,1028.0,1872.0,1279.0,652.0,638.0,651.0,1288.0,900.0,,699.0,352.0,280.0,363.0,551.0,388.0,395.0,379.0,288.0,426.0,345.0,238.0,248.0,206.0,225.0,282.0,343.0,209.0,181.0,228.0,332.0,123.0
2019-09-21,3638.0,4203.0,2107.0,2274.0,1844.0,3408.0,2312.0,1495.0,1241.0,1046.0,,1330.0,774.0,1090.0,1023.0,1841.0,1269.0,663.0,630.0,646.0,1261.0,885.0,,704.0,332.0,272.0,366.0,564.0,369.0,377.0,371.0,281.0,423.0,331.0,237.0,247.0,206.0,227.0,274.0,329.0,188.0,182.0,223.0,328.0,121.0
2019-09-28,3539.0,4126.0,2074.0,2173.0,1925.0,3318.0,2373.0,1479.0,1218.0,994.0,,1296.0,776.0,1056.0,997.0,1774.0,1232.0,652.0,639.0,629.0,1235.0,883.0,,676.0,331.0,251.0,356.0,551.0,363.0,381.0,366.0,286.0,427.0,340.0,231.0,246.0,207.0,216.0,273.0,335.0,198.0,177.0,208.0,314.0,114.0
2019-10-05,3599.0,4170.0,2066.0,2180.0,2073.0,3331.0,2569.0,1486.0,1233.0,1002.0,,1304.0,798.0,1091.0,1012.0,1736.0,1232.0,631.0,644.0,662.0,1236.0,928.0,,720.0,336.0,247.0,366.0,560.0,361.0,388.0,381.0,296.0,425.0,338.0,219.0,254.0,208.0,222.0,274.0,370.0,210.0,184.0,208.0,323.0,114.0
2019-10-12,3501.0,4039.0,2036.0,2140.0,2106.0,3288.0,2525.0,1501.0,1222.0,968.0,,1272.0,778.0,1062.0,991.0,1648.0,1201.0,612.0,622.0,638.0,1199.0,913.0,,737.0,339.0,231.0,355.0,556.0,347.0,380.0,381.0,288.0,403.0,325.0,211.0,244.0,190.0,217.0,269.0,406.0,205.0,172.0,206.0,334.0,120.0
2019-10-19,3495.0,3942.0,1969.0,2125.0,2102.0,3222.0,2411.0,1498.0,1201.0,963.0,,1275.0,771.0,1022.0,965.0,1653.0,1158.0,594.0,609.0,625.0,1177.0,911.0,,718.0,347.0,218.0,338.0,552.0,353.0,371.0,383.0,287.0,388.0,321.0,203.0,235.0,187.0,205.0,266.0,418.0,211.0,166.0,208.0,307.0,116.0
2019-10-26,3473.0,3831.0,1942.0,2078.0,2073.0,3249.0,2379.0,1460.0,1206.0,970.0,,1239.0,763.0,1026.0,959.0,1667.0,1151.0,585.0,586.0,621.0,1152.0,912.0,,726.0,338.0,222.0,339.0,553.0,335.0,369.0,376.0,285.0,380.0,312.0,203.0,224.0,180.0,204.0,274.0,411.0,204.0,164.0,219.0,293.0,117.0
2019-11-02,3434.0,3758.0,1929.0,2066.0,2038.0,3237.0,2336.0,1467.0,1202.0,931.0,,1221.0,751.0,977.0,915.0,1687.0,1130.0,592.0,582.0,607.0,1146.0,863.0,,713.0,337.0,214.0,325.0,547.0,333.0,369.0,368.0,284.0,376.0,319.0,191.0,216.0,170.0,193.0,267.0,410.0,185.0,165.0,216.0,289.0,110.0
2019-11-09,3421.0,3701.0,1915.0,2040.0,2022.0,3229.0,2276.0,1412.0,1199.0,933.0,,1202.0,730.0,959.0,905.0,1636.0,1094.0,587.0,585.0,599.0,1154.0,857.0,,707.0,322.0,211.0,322.0,544.0,328.0,364.0,359.0,268.0,391.0,337.0,188.0,219.0,176.0,188.0,255.0,382.0,173.0,177.0,217.0,279.0,111.0
2019-11-16,3298.0,3613.0,1921.0,2035.0,1987.0,3261.0,2205.0,1397.0,1203.0,903.0,,1153.0,721.0,957.0,884.0,1584.0,1088.0,590.0,574.0,580.0,1173.0,823.0,,716.0,315.0,211.0,314.0,539.0,309.0,334.0,371.0,260.0,400.0,332.0,186.0,223.0,170.0,177.0,256.0,373.0,168.0,172.0,210.0,289.0,106.0
2019-11-23,3273.0,3561.0,1939.0,2098.0,2001.0,3204.0,2102.0,1411.0,1188.0,872.0,,1137.0,721.0,925.0,873.0,1516.0,1065.0,594.0,564.0,577.0,1197.0,787.0,,704.0,311.0,205.0,304.0,530.0,309.0,312.0,366.0,244.0,397.0,336.0,180.0,227.0,166.0,170.0,243.0,355.0,156.0,164.0,203.0,297.0,107.0
2019-11-30,3057.0,3297.0,1858.0,1969.0,1888.0,2955.0,1936.0,1303.0,1130.0,809.0,,1073.0,666.0,878.0,829.0,1403.0,1010.0,554.0,518.0,531.0,1123.0,738.0,,665.0,284.0,197.0,284.0,507.0,273.0,270.0,349.0,225.0,370.0,314.0,181.0,211.0,160.0,164.0,221.0,331.0,135.0,146.0,184.0,275.0,101.0
2019-12-07,2905.0,3057.0,1859.0,1902.0,1847.0,2823.0,1708.0,1254.0,1094.0,786.0,,1006.0,637.0,809.0,751.0,1338.0,963.0,562.0,470.0,592.0,1088.0,673.0,,636.0,258.0,191.0,269.0,470.0,255.0,256.0,331.0,210.0,335.0,283.0,167.0,194.0,149.0,175.0,212.0,318.0,137.0,128.0,167.0,268.0,89.0
2019-12-14,2754.0,2931.0,1777.0,1832.0,1816.0,2668.0,1587.0,1201.0,1052.0,736.0,,975.0,606.0,766.0,707.0,1256.0,917.0,552.0,441.0,599.0,1034.0,627.0,,599.0,238.0,182.0,245.0,435.0,252.0,250.0,309.0,190.0,308.0,266.0,152.0,181.0,144.0,190.0,203.0,311.0,134.0,119.0,156.0,251.0,82.0
2019-12-21,2577.0,2764.0,1713.0,1705.0,1714.0,2492.0,1392.0,1118.0,1005.0,675.0,,911.0,563.0,703.0,643.0,1180.0,851.0,524.0,403.0,575.0,956.0,568.0,,568.0,220.0,183.0,217.0,403.0,239.0,242.0,304.0,171.0,283.0,243.0,147.0,167.0,136.0,185.0,194.0,294.0,130.0,110.0,139.0,237.0,71.0
2019-12-28,2409.0,2598.0,1632.0,1583.0,1607.0,2350.0,1158.0,1063.0,940.0,629.0,,833.0,526.0,627.0,574.0,1052.0,776.0,514.0,365.0,560.0,916.0,511.0,,528.0,204.0,172.0,197.0,360.0,232.0,226.0,286.0,146.0,260.0,217.0,136.0,148.0,125.0,173.0,191.0,264.0,128.0,94.0,133.0,216.0,63.0
2020-01-04,2144.0,2422.0,1453.0,1473.0,1429.0,2181.0,1019.0,991.0,899.0,549.0,,772.0,475.0,574.0,536.0,982.0,707.0,458.0,343.0,452.0,867.0,480.0,,506.0,201.0,155.0,175.0,335.0,220.0,208.0,274.0,131.0,255.0,208.0,129.0,141.0,117.0,147.0,180.0,251.0,117.0,82.0,123.0,197.0,58.0
2020-01-11,2051.0,2407.0,1401.0,1460.0,1451.0,2216.0,953.0,989.0,917.0,509.0,,787.0,461.0,559.0,524.0,1019.0,674.0,431.0,348.0,429.0,887.0,497.0,,514.0,202.0,157.0,183.0,347.0,221.0,210.0,290.0,128.0,266.0,216.0,126.0,152.0,123.0,134.0,170.0,254.0,110.0,80.0,124.0,202.0,63.0
2020-01-18,2050.0,2589.0,1377.0,1541.0,1572.0,2442.0,1035.0,1046.0,973.0,504.0,,838.0,500.0,599.0,610.0,1123.0,698.0,441.0,395.0,453.0,986.0,550.0,,573.0,224.0,143.0,202.0,386.0,248.0,221.0,312.0,143.0,296.0,238.0,131.0,166.0,130.0,141.0,182.0,284.0,109.0,84.0,141.0,216.0,68.0
2020-01-25,2372.0,3086.0,1540.0,1813.0,1844.0,2856.0,1244.0,1205.0,1150.0,569.0,,959.0,576.0,716.0,711.0,1325.0,825.0,494.0,483.0,504.0,1124.0,659.0,,691.0,256.0,183.0,236.0,468.0,298.0,261.0,365.0,176.0,348.0,280.0,153.0,202.0,153.0,161.0,202.0,352.0,146.0,101.0,160.0,240.0,87.0
2020-02-01,2745.0,3610.0,1754.0,2065.0,2141.0,3184.0,1466.0,1382.0,1259.0,623.0,,1092.0,657.0,814.0,811.0,1523.0,961.0,546.0,555.0,572.0,1247.0,760.0,,767.0,287.0,214.0,275.0,524.0,345.0,274.0,429.0,199.0,381.0,318.0,181.0,219.0,170.0,189.0,238.0,398.0,143.0,109.0,185.0,262.0,99.0
2020-02-08,2975.0,3929.0,1922.0,2239.0,2289.0,3357.0,1617.0,1494.0,1325.0,700.0,,1130.0,725.0,850.0,884.0,1565.0,1036.0,604.0,581.0,605.0,1294.0,789.0,,803.0,307.0,228.0,293.0,547.0,370.0,289.0,443.0,218.0,391.0,333.0,195.0,224.0,173.0,202.0,248.0,437.0,133.0,123.0,195.0,265.0,108.0
2020-02-15,3184.0,4284.0,2061.0,2382.0,2375.0,3417.0,1747.0,1578.0,1397.0,750.0,,1204.0,740.0,880.0,882.0,1617.0,1104.0,626.0,585.0,630.0,1313.0,808.0,,817.0,311.0,254.0,291.0,562.0,378.0,306.0,463.0,221.0,388.0,351.0,209.0,230.0,183.0,210.0,256.0,454.0,150.0,137.0,197.0,267.0,112.0
2020-02-22,3202.0,4392.0,2072.0,2379.0,2411.0,3318.0,1780.0,1595.0,1365.0,773.0,,1212.0,753.0,848.0,879.0,1580.0,1082.0,636.0,554.0,650.0,1314.0,767.0,,788.0,332.0,237.0,289.0,539.0,362.0,296.0,463.0,212.0,389.0,344.0,203.0,220.0,180.0,210.0,255.0,460.0,124.0,134.0,198.0,258.0,113.0
2020-02-29,3351.0,4731.0,2220.0,2512.0,2577.0,3465.0,1963.0,1667.0,1442.0,831.0,,1249.0,787.0,887.0,910.0,1637.0,1137.0,663.0,571.0,647.0,1399.0,770.0,,825.0,354.0,231.0,295.0,564.0,368.0,311.0,471.0,223.0,388.0,346.0,213.0,231.0,184.0,200.0,261.0,492.0,137.0,149.0,214.0,271.0,124.0
2020-03-07,3510.0,5049.0,2313.0,2596.0,2741.0,3550.0,2135.0,1715.0,1468.0,905.0,,1338.0,829.0,923.0,947.0,1751.0,1184.0,673.0,597.0,693.0,1484.0,803.0,,868.0,380.0,249.0,293.0,600.0,401.0,325.0,491.0,234.0,407.0,353.0,225.0,241.0,190.0,215.0,272.0,506.0,144.0,164.0,228.0,283.0,129.0
2020-03-14,3564.0,5303.0,2380.0,2610.0,2739.0,3639.0,2299.0,1713.0,1441.0,965.0,,1383.0,889.0,975.0,996.0,1795.0,1211.0,703.0,617.0,714.0,1471.0,838.0,,896.0,403.0,251.0,316.0,618.0,423.0,315.0,491.0,261.0,422.0,349.0,225.0,244.0,188.0,224.0,280.0,521.0,135.0,168.0,237.0,286.0,139.0
2020-03-21,3453.0,5493.0,2492.0,2646.0,2644.0,3788.0,2494.0,1672.0,1429.0,1027.0,,1473.0,907.0,1043.0,1048.0,1876.0,1207.0,744.0,638.0,719.0,1436.0,913.0,,904.0,410.0,261.0,325.0,646.0,440.0,350.0,496.0,291.0,428.0,358.0,225.0,255.0,200.0,231.0,291.0,516.0,145.0,183.0,243.0,322.0,139.0
2020-03-28,3003.0,4966.0,2350.0,2403.0,2202.0,3480.0,2328.0,1436.0,1302.0,1038.0,,1390.0,869.0,998.0,988.0,1756.0,1051.0,732.0,602.0,713.0,1215.0,893.0,,829.0,391.0,248.0,295.0,626.0,443.0,356.0,454.0,283.0,415.0,335.0,185.0,251.0,196.0,222.0,259.0,468.0,152.0,176.0,222.0,290.0,127.0
2020-04-04,2468.0,4307.0,2164.0,2115.0,1686.0,3241.0,2005.0,1215.0,1179.0,983.0,,1287.0,773.0,912.0,876.0,1493.0,916.0,718.0,554.0,658.0,984.0,855.0,,748.0,347.0,212.0,250.0,570.0,398.0,317.0,410.0,253.0,385.0,330.0,149.0,228.0,177.0,205.0,227.0,407.0,142.0,151.0,200.0,243.0,111.0
2020-04-11,1953.0,3507.0,1906.0,1875.0,1301.0,2888.0,1646.0,1014.0,1072.0,950.0,,1158.0,670.0,788.0,737.0,1298.0,761.0,663.0,509.0,612.0,820.0,828.0,,651.0,309.0,182.0,186.0,525.0,366.0,285.0,378.0,215.0,359.0,320.0,112.0,217.0,158.0,187.0,189.0,367.0,123.0,130.0,180.0,188.0,92.0
2020-04-18,1683.0,2979.0,1703.0,1736.0,1086.0,2664.0,1342.0,907.0,1016.0,897.0,,1072.0,624.0,666.0,685.0,1183.0,721.0,600.0,505.0,596.0,707.0,785.0,,608.0,272.0,166.0,140.0,488.0,373.0,232.0,364.0,178.0,351.0,314.0,93.0,214.0,143.0,182.0,157.0,350.0,105.0,115.0,176.0,128.0,81.0
2020-04-25,1645.0,3085.0,1637.0,1796.0,1064.0,2706.0,1297.0,943.0,1026.0,879.0,,1148.0,627.0,600.0,712.0,1202.0,787.0,582.0,534.0,604.0,745.0,823.0,,619.0,263.0,181.0,130.0,489.0,368.0,205.0,380.0,172.0,369.0,335.0,98.0,208.0,143.0,189.0,160.0,354.0,92.0,116.0,178.0,113.0,73.0
2020-05-02,1779.0,3361.0,1707.0,1965.0,1133.0,2800.0,1396.0,1032.0,1075.0,888.0,,1208.0,660.0,642.0,794.0,1383.0,863.0,573.0,571.0,616.0,816.0,853.0,,653.0,286.0,204.0,148.0,525.0,395.0,223.0,395.0,194.0,398.0,356.0,112.0,224.0,161.0,190.0,179.0,399.0,103.0,122.0,189.0,124.0,79.0
2020-05-09,1992.0,3801.0,1908.0,2240.0,1286.0,2975.0,1570.0,1177.0,1144.0,931.0,,1328.0,716.0,749.0,908.0,1561.0,975.0,607.0,628.0,673.0,904.0,882.0,,701.0,313.0,235.0,188.0,564.0,437.0,250.0,418.0,207.0,431.0,375.0,137.0,242.0,185.0,216.0,195.0,437.0,132.0,131.0,203.0,150.0,100.0
2020-05-16,2251.0,4268.0,2136.0,2502.0,1502.0,3465.0,1844.0,1311.0,1210.0,989.0,,1424.0,784.0,950.0,989.0,1770.0,1068.0,672.0,671.0,700.0,998.0,925.0,,815.0,355.0,249.0,225.0,615.0,457.0,304.0,439.0,241.0,461.0,399.0,161.0,255.0,207.0,227.0,218.0,492.0,156.0,150.0,218.0,154.0,122.0
2020-05-23,2546.0,4667.0,2359.0,2763.0,1727.0,3679.0,2059.0,1456.0,1276.0,1040.0,,1504.0,835.0,1153.0,1078.0,1922.0,1156.0,745.0,687.0,742.0,1058.0,937.0,,898.0,400.0,273.0,259.0,664.0,489.0,342.0,467.0,264.0,487.0,421.0,182.0,272.0,216.0,240.0,239.0,542.0,162.0,159.0,244.0,177.0,151.0
2020-05-30,2800.0,4995.0,2522.0,2923.0,1932.0,3849.0,2265.0,1550.0,1358.0,1067.0,,1552.0,875.0,1271.0,1134.0,2008.0,1269.0,813.0,701.0,766.0,1121.0,951.0,,931.0,433.0,282.0,281.0,685.0,489.0,384.0,485.0,277.0,496.0,423.0,205.0,269.0,222.0,247.0,265.0,556.0,163.0,181.0,257.0,231.0,166.0
2020-06-06,3049.0,5376.0,2675.0,3063.0,2105.0,4082.0,2489.0,1650.0,1411.0,1099.0,,1590.0,920.0,1335.0,1181.0,2076.0,1339.0,892.0,714.0,788.0,1186.0,959.0,,972.0,468.0,297.0,319.0,709.0,492.0,427.0,497.0,309.0,512.0,428.0,229.0,270.0,221.0,251.0,282.0,588.0,154.0,190.0,279.0,280.0,176.0
2020-06-13,3296.0,5787.0,2775.0,3240.0,2291.0,4014.0,2699.0,1764.0,1483.0,1136.0,,1655.0,940.0,1365.0,1232.0,2072.0,1456.0,945.0,721.0,827.0,1252.0,1002.0,,989.0,510.0,318.0,353.0,718.0,504.0,468.0,505.0,326.0,524.0,439.0,245.0,272.0,219.0,265.0,301.0,606.0,149.0,196.0,297.0,322.0,180.0
2020-06-20,3513.0,6188.0,2832.0,3293.0,2433.0,4045.0,2890.0,1812.0,1523.0,1193.0,,1670.0,959.0,1399.0,1258.0,2057.0,1533.0,958.0,730.0,851.0,1337.0,1034.0,,1005.0,526.0,325.0,396.0,712.0,505.0,514.0,503.0,341.0,534.0,436.0,266.0,283.0,232.0,277.0,319.0,610.0,156.0,203.0,301.0,361.0,183.0
2020-06-27,3693.0,6552.0,3018.0,3352.0,2568.0,4278.0,3006.0,1860.0,1514.0,1277.0,881.0,1718.0,993.0,1428.0,1280.0,2043.0,1595.0,978.0,759.0,886.0,1375.0,1087.0,,1024.0,536.0,333.0,447.0,713.0,537.0,537.0,494.0,344.0,544.0,425.0,275.0,295.0,233.0,292.0,324.0,619.0,158.0,196.0,292.0,337.0,188.0
2020-07-04,3793.0,6718.0,3002.0,3284.0,2643.0,4284.0,3100.0,1865.0,1494.0,1298.0,881.0,1759.0,993.0,1444.0,1303.0,2026.0,1662.0,957.0,757.0,887.0,1401.0,1111.0,,1040.0,547.0,323.0,469.0,722.0,536.0,574.0,479.0,344.0,538.0,429.0,277.0,289.0,238.0,296.0,329.0,620.0,157.0,207.0,292.0,297.0,188.0
2020-07-11,3777.0,6599.0,3026.0,3147.0,2621.0,4279.0,2836.0,1838.0,1453.0,1320.0,875.0,1682.0,968.0,1363.0,1265.0,1917.0,1636.0,934.0,752.0,881.0,1439.0,1077.0,,1016.0,532.0,322.0,464.0,691.0,529.0,550.0,472.0,323.0,511.0,417.0,271.0,287.0,233.0,291.0,323.0,589.0,147.0,194.0,278.0,287.0,180.0
2020-07-18,3815.0,6580.0,3026.0,3126.0,2622.0,4339.0,2808.0,1825.0,1423.0,1307.0,873.0,1709.0,967.0,1345.0,1294.0,1899.0,1653.0,937.0,759.0,878.0,1407.0,1088.0,,1002.0,530.0,324.0,450.0,691.0,542.0,562.0,447.0,312.0,504.0,431.0,272.0,289.0,225.0,304.0,309.0,589.0,145.0,198.0,270.0,263.0,182.0
2020-07-25,3893.0,6613.0,2929.0,3117.0,2605.0,4162.0,2791.0,1813.0,1394.0,1301.0,908.0,1722.0,961.0,1330.0,1317.0,1860.0,1608.0,929.0,744.0,886.0,1390.0,1076.0,,1014.0,537.0,325.0,454.0,674.0,535.0,575.0,450.0,303.0,497.0,434.0,276.0,291.0,222.0,302.0,308.0,586.0,145.0,201.0,281.0,277.0,184.0
2020-08-01,3945.0,6514.0,2972.0,3124.0,2592.0,4153.0,2684.0,1779.0,1405.0,1320.0,930.0,1674.0,949.0,1311.0,1323.0,1773.0,1568.0,949.0,735.0,883.0,1380.0,1067.0,,1009.0,516.0,329.0,452.0,642.0,538.0,541.0,442.0,288.0,481.0,439.0,286.0,298.0,221.0,296.0,306.0,575.0,146.0,190.0,273.0,292.0,184.0
2020-08-08,4094.0,6670.0,2932.0,3141.0,2563.0,4099.0,2852.0,1757.0,1413.0,1340.0,959.0,1725.0,961.0,1357.0,1352.0,1826.0,1565.0,934.0,738.0,905.0,1363.0,1106.0,,1000.0,490.0,328.0,479.0,665.0,548.0,568.0,425.0,286.0,493.0,453.0,302.0,309.0,222.0,311.0,299.0,579.0,157.0,194.0,277.0,299.0,193.0
2020-08-15,4123.0,6481.0,2924.0,3090.0,2519.0,4104.0,2751.0,1748.0,1389.0,1358.0,950.0,1681.0,946.0,1325.0,1333.0,1793.0,1552.0,918.0,732.0,907.0,1373.0,1094.0,,985.0,470.0,324.0,492.0,654.0,535.0,545.0,444.0,284.0,481.0,428.0,298.0,302.0,218.0,299.0,311.0,583.0,154.0,188.0,279.0,294.0,184.0
2020-08-22,4076.0,6374.0,2834.0,3060.0,2486.0,4169.0,2662.0,1727.0,1396.0,1359.0,944.0,1665.0,927.0,1326.0,1349.0,1820.0,1569.0,905.0,732.0,914.0,1417.0,1081.0,,964.0,465.0,314.0,486.0,661.0,531.0,531.0,441.0,291.0,482.0,431.0,293.0,303.0,222.0,302.0,313.0,596.0,158.0,180.0,284.0,264.0,181.0
2020-08-29,4093.0,6392.0,2861.0,3019.0,2546.0,4237.0,2578.0,1746.0,1389.0,1388.0,935.0,1669.0,867.0,1338.0,1360.0,1844.0,1587.0,901.0,730.0,917.0,1423.0,1076.0,,974.0,481.0,314.0,478.0,667.0,542.0,553.0,459.0,306.0,483.0,422.0,283.0,298.0,222.0,305.0,321.0,597.0,151.0,185.0,287.0,249.0,174.0
2020-09-05,4072.0,6234.0,2863.0,2963.0,2610.0,4266.0,2579.0,1762.0,1415.0,1386.0,934.0,1686.0,827.0,1352.0,1378.0,1874.0,1596.0,904.0,735.0,1100.0,1404.0,1067.0,,1010.0,500.0,307.0,479.0,666.0,538.0,573.0,470.0,317.0,478.0,421.0,266.0,293.0,231.0,350.0,316.0,602.0,154.0,192.0,326.0,234.0,165.0
2020-09-12,3961.0,6008.0,2788.0,2871.0,2585.0,4136.0,2448.0,1711.0,1433.0,1360.0,922.0,1644.0,846.0,1310.0,1345.0,1837.0,1544.0,891.0,709.0,1101.0,1375.0,1040.0,,1000.0,512.0,291.0,452.0,643.0,530.0,545.0,464.0,314.0,474.0,415.0,250.0,284.0,232.0,353.0,311.0,572.0,168.0,183.0,316.0,213.0,156.0
2020-09-19,3994.0,5879.0,2780.0,2865.0,2657.0,4003.0,2514.0,1689.0,1477.0,1373.0,864.0,1619.0,902.0,1292.0,1269.0,1820.0,1520.0,897.0,716.0,1106.0,1356.0,1052.0,,1016.0,509.0,285.0,441.0,652.0,534.0,541.0,479.0,316.0,478.0,420.0,242.0,285.0,224.0,361.0,300.0,548.0,193.0,191.0,308.0,220.0,144.0
2020-09-26,3981.0,5690.0,2663.0,2823.0,2608.0,3893.0,2520.0,1658.0,1514.0,1343.0,859.0,1623.0,980.0,1258.0,1214.0,1810.0,1502.0,866.0,710.0,1130.0,1348.0,1069.0,,1008.0,507.0,279.0,433.0,634.0,526.0,538.0,475.0,314.0,476.0,416.0,233.0,289.0,224.0,371.0,310.0,520.0,216.0,193.0,304.0,217.0,135.0
2020-10-03,3992.0,5468.0,2585.0,2732.0,2534.0,3685.0,2463.0,1612.0,1507.0,1299.0,839.0,1578.0,1038.0,1225.0,1171.0,1730.0,1431.0,841.0,695.0,938.0,1320.0,1043.0,,1007.0,499.0,275.0,403.0,605.0,505.0,495.0,480.0,305.0,464.0,414.0,255.0,289.0,213.0,324.0,321.0,494.0,218.0,181.0,252.0,215.0,122.0
2020-10-10,3879.0,5539.0,2567.0,2759.0,2599.0,3715.0,2378.0,1674.0,1520.0,1297.0,840.0,1644.0,1150.0,1239.0,1197.0,1749.0,1432.0,846.0,713.0,946.0,1337.0,1050.0,,993.0,498.0,285.0,409.0,620.0,515.0,513.0,477.0,306.0,465.0,429.0,266.0,297.0,212.0,324.0,320.0,511.0,222.0,184.0,250.0,233.0,122.0
2020-10-17,3670.0,5340.0,2545.0,2719.0,2542.0,3658.0,2086.0,1734.0,1515.0,1261.0,888.0,1647.0,1161.0,1213.0,1226.0,1718.0,1428.0,828.0,700.0,948.0,1308.0,1048.0,,959.0,516.0,282.0,401.0,605.0,500.0,508.0,472.0,303.0,447.0,412.0,276.0,292.0,216.0,315.0,322.0,503.0,204.0,187.0,252.0,234.0,121.0
2020-10-24,3463.0,5217.0,2491.0,2727.0,2553.0,3609.0,1901.0,1780.0,1532.0,1239.0,888.0,1635.0,1203.0,1190.0,1232.0,1666.0,1416.0,832.0,707.0,920.0,1287.0,1018.0,,965.0,514.0,277.0,397.0,615.0,478.0,496.0,475.0,288.0,459.0,406.0,281.0,293.0,211.0,303.0,307.0,509.0,207.0,183.0,255.0,241.0,110.0
2020-10-31,3244.0,5153.0,2461.0,2766.0,2556.0,3684.0,1683.0,1813.0,1555.0,1223.0,889.0,1623.0,1237.0,1151.0,1237.0,1642.0,1464.0,850.0,722.0,907.0,1301.0,1007.0,,903.0,515.0,269.0,390.0,620.0,485.0,488.0,468.0,282.0,461.0,394.0,269.0,286.0,210.0,293.0,306.0,524.0,204.0,188.0,261.0,240.0,109.0
2020-11-07,3145.0,4871.0,2432.0,2696.0,2469.0,3610.0,1591.0,1731.0,1554.0,1165.0,864.0,1532.0,1147.0,1102.0,1179.0,1580.0,1427.0,830.0,692.0,876.0,1259.0,971.0,,896.0,490.0,245.0,372.0,593.0,458.0,483.0,464.0,266.0,454.0,369.0,265.0,273.0,200.0,299.0,297.0,493.0,184.0,188.0,253.0,230.0,97.0
2020-11-14,3034.0,4703.0,2377.0,2616.0,2352.0,3573.0,1545.0,1626.0,1524.0,1091.0,832.0,1491.0,1107.0,1046.0,1134.0,1521.0,1356.0,810.0,679.0,834.0,1247.0,936.0,,889.0,444.0,245.0,350.0,580.0,455.0,458.0,463.0,251.0,463.0,364.0,252.0,272.0,192.0,290.0,292.0,484.0,177.0,170.0,243.0,217.0,87.0
2020-11-21,2917.0,4503.0,2358.0,2584.0,2277.0,3531.0,1449.0,1567.0,1492.0,1027.0,803.0,1413.0,1053.0,997.0,1085.0,1487.0,1319.0,808.0,651.0,801.0,1224.0,894.0,,843.0,413.0,251.0,316.0,552.0,451.0,427.0,465.0,241.0,456.0,359.0,246.0,257.0,185.0,278.0,272.0,486.0,160.0,172.0,231.0,203.0,91.0
2020-11-28,2715.0,4206.0,2239.0,2480.0,2150.0,3331.0,1311.0,1479.0,1407.0,937.0,758.0,1319.0,983.0,934.0,1014.0,1433.0,1206.0,760.0,585.0,745.0,1146.0,833.0,,815.0,378.0,242.0,292.0,527.0,431.0,403.0,455.0,227.0,463.0,339.0,226.0,245.0,179.0,260.0,260.0,460.0,151.0,155.0,211.0,185.0,82.0
2020-12-05,2675.0,4004.0,2206.0,2372.0,2127.0,3269.0,1168.0,1464.0,1358.0,906.0,734.0,1237.0,928.0,854.0,926.0,1356.0,1126.0,767.0,562.0,721.0,1111.0,772.0,,811.0,374.0,244.0,273.0,491.0,422.0,360.0,447.0,211.0,447.0,324.0,213.0,240.0,173.0,233.0,242.0,450.0,145.0,136.0,203.0,177.0,80.0
2020-12-12,2630.0,3853.0,2147.0,2362.0,2207.0,3171.0,1103.0,1467.0,1350.0,854.0,732.0,1190.0,918.0,824.0,909.0,1313.0,1103.0,759.0,533.0,683.0,1206.0,732.0,,811.0,342.0,239.0,245.0,469.0,404.0,347.0,428.0,192.0,422.0,322.0,213.0,224.0,169.0,225.0,228.0,439.0,137.0,134.0,196.0,173.0,79.0
2020-12-19,2516.0,3686.0,2099.0,2266.0,2204.0,3055.0,1011.0,1384.0,1315.0,798.0,687.0,1155.0,879.0,757.0,841.0,1244.0,1016.0,723.0,502.0,674.0,1162.0,685.0,,790.0,318.0,228.0,236.0,447.0,386.0,312.0,406.0,180.0,393.0,302.0,199.0,220.0,166.0,212.0,219.0,410.0,125.0,120.0,180.0,157.0,70.0
2020-12-26,2426.0,3470.0,2015.0,2159.0,2151.0,2951.0,915.0,1327.0,1259.0,740.0,641.0,1103.0,819.0,688.0,781.0,1124.0,975.0,691.0,460.0,633.0,1159.0,636.0,,765.0,291.0,215.0,211.0,419.0,348.0,274.0,381.0,158.0,351.0,284.0,190.0,198.0,159.0,187.0,212.0,386.0,119.0,117.0,166.0,145.0,70.0
2021-01-02,2162.0,3134.0,1859.0,2003.0,2060.0,2690.0,820.0,1184.0,1179.0,654.0,565.0,1023.0,738.0,612.0,717.0,990.0,876.0,641.0,415.0,562.0,1090.0,575.0,,687.0,249.0,200.0,187.0,383.0,312.0,230.0,349.0,148.0,313.0,269.0,173.0,174.0,145.0,164.0,190.0,356.0,111.0,111.0,148.0,128.0,67.0
2021-01-09,,,1730.0,1869.0,,,,1101.0,1128.0,600.0,507.0,,677.0,,,,,630.0,401.0,538.0,,,,673.0,253.0,192.0,,,299.0,,344.0,,288.0,,,170.0,136.0,150.0,,,,,139.0,,78.0
2021-01-16,,,1581.0,1792.0,,,,1061.0,1135.0,539.0,533.0,,660.0,,,,,624.0,417.0,500.0,,,,728.0,253.0,181.0,,,298.0,,342.0,,268.0,,,173.0,138.0,149.0,,,,,134.0,,90.0
2021-01-23,,,1629.0,1845.0,,,,1066.0,1224.0,544.0,592.0,,704.0,,,,,668.0,482.0,526.0,,,,815.0,272.0,201.0,,,348.0,,364.0,,281.0,,,193.0,147.0,167.0,,,,,146.0,,87.0
2021-01-30,,,1734.0,2000.0,,,,1167.0,1322.0,563.0,690.0,,774.0,,,,,691.0,540.0,550.0,,,,877.0,294.0,215.0,,,400.0,,390.0,,301.0,,,216.0,171.0,181.0,,,,,159.0,,84.0
2021-02-06,,,1860.0,2073.0,,,,1203.0,1388.0,588.0,750.0,,779.0,,,,,717.0,554.0,566.0,,,,855.0,299.0,215.0,,,418.0,,400.0,,311.0,,,223.0,185.0,184.0,,,,,156.0,,64.0
2021-02-13,,,2009.0,2155.0,,,,1246.0,1426.0,621.0,743.0,,794.0,,,,,740.0,551.0,580.0,,,,797.0,294.0,210.0,,,429.0,,411.0,,318.0,,,227.0,182.0,186.0,,,,,158.0,,53.0
2021-02-20,,,1939.0,1973.0,,,,1247.0,1466.0,652.0,745.0,,773.0,,,,,661.0,518.0,570.0,,,,729.0,302.0,202.0,,,422.0,,420.0,,313.0,,,216.0,175.0,183.0,,,,,156.0,,50.0
2021-02-27,,,1833.0,1838.0,,,,1238.0,1499.0,672.0,751.0,,751.0,,,,,607.0,491.0,582.0,,,,719.0,325.0,201.0,,,407.0,,425.0,,308.0,,,209.0,169.0,180.0,,,,,147.0,,51.0
2021-03-06,,,1758.0,1775.0,,,,1233.0,1503.0,696.0,762.0,,773.0,,,,,588.0,492.0,569.0,,,,726.0,327.0,206.0,,,398.0,,426.0,,308.0,,,206.0,162.0,176.0,,,,,147.0,,49.0
2021-03-13,,,1720.0,1796.0,,,,1234.0,1495.0,731.0,794.0,,793.0,,,,,593.0,522.0,582.0,,,,734.0,333.0,212.0,,,410.0,,419.0,,311.0,,,208.0,168.0,182.0,,,,,144.0,,47.0
2021-03-20,,,1871.0,2036.0,,,,1242.0,1470.0,778.0,797.0,,845.0,,,,,673.0,581.0,616.0,,,,759.0,349.0,225.0,,,416.0,,412.0,,317.0,,,227.0,177.0,193.0,,,,,148.0,,46.0
2021-03-27,,,2007.0,2220.0,,,,1257.0,1455.0,824.0,814.0,,892.0,,,,,810.0,631.0,631.0,,,635.0,775.0,352.0,229.0,,,415.0,,420.0,,326.0,,,240.0,165.0,206.0,,,,,159.0,,47.0
2021-04-03,,,2115.0,2277.0,,,,1239.0,1459.0,869.0,828.0,,915.0,,,,,835.0,654.0,662.0,,,648.0,783.0,368.0,225.0,,,397.0,,410.0,,322.0,,,259.0,149.0,219.0,,,,,163.0,,52.0
2021-04-10,,,2147.0,2242.0,,,,1210.0,1458.0,903.0,817.0,,914.0,,,,,864.0,633.0,657.0,,,619.0,793.0,395.0,225.0,,,370.0,,411.0,,318.0,,,254.0,119.0,213.0,,,,,167.0,,51.0
2021-04-17,,,2195.0,2311.0,,,,1230.0,1489.0,949.0,849.0,,947.0,,,,,901.0,643.0,666.0,,,634.0,798.0,409.0,229.0,,,357.0,,413.0,,322.0,,,256.0,96.0,220.0,,,,,172.0,,60.0
2021-04-24,,,2245.0,2370.0,,,,1231.0,1527.0,987.0,858.0,,980.0,,,,,861.0,663.0,691.0,,,666.0,812.0,411.0,232.0,,,346.0,,411.0,,326.0,,,268.0,78.0,223.0,,,,,184.0,,67.0
2021-05-01,,,2277.0,2434.0,,,,1245.0,1540.0,1033.0,856.0,,1004.0,,,,,870.0,677.0,694.0,,,681.0,810.0,427.0,240.0,,,349.0,,406.0,,332.0,,,269.0,69.0,224.0,,,,,191.0,,65.0
2021-05-08,,,2318.0,2483.0,,,,1261.0,1551.0,1087.0,890.0,,1056.0,,,,,859.0,709.0,719.0,,,717.0,815.0,439.0,242.0,,,349.0,,412.0,,350.0,,,286.0,67.0,235.0,,,,,190.0,,70.0
2021-05-15,,,2334.0,2469.0,,,,1232.0,1534.0,1104.0,874.0,,1052.0,,,,,865.0,720.0,715.0,,,724.0,805.0,435.0,243.0,,,331.0,,412.0,,342.0,,,282.0,62.0,233.0,,,,,194.0,,71.0
2021-05-22,,,2313.0,2475.0,,,,1243.0,1516.0,1145.0,892.0,,1066.0,,,,,881.0,729.0,730.0,,,724.0,804.0,454.0,240.0,,,335.0,,414.0,,350.0,,,273.0,70.0,235.0,,,,,190.0,,66.0
2021-05-29,,,2299.0,2459.0,,,,1255.0,1510.0,1183.0,912.0,,1084.0,,,,,889.0,727.0,751.0,,,734.0,805.0,457.0,237.0,,,339.0,,425.0,,359.0,,,268.0,71.0,241.0,,,,,190.0,,71.0
2021-06-05,,,2238.0,2403.0,,,,1232.0,1457.0,1121.0,904.0,,1044.0,,,,,891.0,714.0,730.0,,,693.0,796.0,450.0,238.0,,,323.0,,408.0,,346.0,,,251.0,69.0,241.0,,,,,186.0,,68.0
2021-06-12,,,2213.0,2435.0,,,,1274.0,1449.0,1132.0,932.0,,1058.0,,,,,897.0,712.0,760.0,,,701.0,807.0,420.0,229.0,,,335.0,,402.0,,353.0,,,258.0,69.0,245.0,,,,,188.0,,69.0
2021-06-19,,,2215.0,2429.0,,,,1275.0,1447.0,1113.0,940.0,,1038.0,,,,,901.0,710.0,764.0,,,710.0,797.0,455.0,234.0,,,331.0,,392.0,,349.0,,,269.0,63.0,245.0,,,,,191.0,,67.0
2021-06-26,,,2245.0,2440.0,,,,1258.0,1437.0,1092.0,929.0,,1016.0,,,,,903.0,714.0,760.0,,,712.0,799.0,451.0,230.0,,,328.0,,383.0,,346.0,,,274.0,59.0,249.0,,,,,190.0,,65.0
